id,nome,siglaPartido,ufLegislacao,email,escolaridade,dataNascimento,sexo,estadoNascimento,cidadeNascimento
204554,ABÍLIO SANTANA,PL,BA,DEP.ABILIOSANTANA@CAMARA.LEG.BR,SUPERIOR INCOMPLETO,1965-02-13,M,BA,SALVADOR
204521,ABOU ANNI,PSL,SP,DEP.ABOUANNI@CAMARA.LEG.BR,SUPERIOR,1966-11-06,M,SP,SÃO PAULO
204379,ACÁCIO FAVACHO,PROS,AP,DEP.ACACIOFAVACHO@CAMARA.LEG.BR,SUPERIOR,1983-09-28,M,AP,MACAPÁ
204560,ADOLFO VIANA,PSDB,BA,DEP.ADOLFOVIANA@CAMARA.LEG.BR,SUPERIOR,1981-02-02,M,BA,SALVADOR
204528,ADRIANA VENTURA,NOVO,SP,DEP.ADRIANAVENTURA@CAMARA.LEG.BR,DOUTORADO,1969-03-06,F,SP,SÃO PAULO
121948,ADRIANO DO BALDY,PP,GO,DEP.ADRIANODOBALDY@CAMARA.LEG.BR,SUPERIOR INCOMPLETO,1969-09-06,M,GO,GOIÁS
74646,AÉCIO NEVES,PSDB,MG,DEP.AECIONEVES@CAMARA.LEG.BR,SUPERIOR,1960-03-10,M,MG,BELO HORIZONTE
160508,AFONSO FLORENCE,PT,BA,DEP.AFONSOFLORENCE@CAMARA.LEG.BR,MESTRADO,1960-10-15,M,BA,SALVADOR
136811,AFONSO HAMM,PP,RS,DEP.AFONSOHAMM@CAMARA.LEG.BR,SUPERIOR,1962-04-25,M,RS,HULHA NEGRA
178835,AFONSO MOTTA,PDT,RS,DEP.AFONSOMOTTA@CAMARA.LEG.BR,SUPERIOR,1950-01-08,M,RS,PORTO ALEGRE
160527,AGUINALDO RIBEIRO,PP,PB,DEP.AGUINALDORIBEIRO@CAMARA.LEG.BR,PÓS-GRADUAÇÃO,1969-02-13,M,PB,CAMPINA GRANDE
204495,AIRTON FALEIRO,PT,PA,DEP.AIRTONFALEIRO@CAMARA.LEG.BR,ENSINO FUNDAMENTAL,1959-03-16,M,RS,TENENTE PORTELA
204549,AJ ALBUQUERQUE,PP,CE,DEP.AJALBUQUERQUE@CAMARA.LEG.BR,SUPERIOR,1983-09-26,M,CE,FORTALEZA
178836,ALAN RICK,DEM,AC,DEP.ALANRICK@CAMARA.LEG.BR,PÓS-GRADUAÇÃO,1976-10-23,M,AC,RIO BRANCO
160559,ALCEU MOREIRA,MDB,RS,DEP.ALCEUMOREIRA@CAMARA.LEG.BR,SUPERIOR INCOMPLETO,1954-06-04,M,RS,OSÓRIO
204413,ALCIDES RODRIGUES,PATRIOTA,GO,DEP.ALCIDESRODRIGUES@CAMARA.LEG.BR,SUPERIOR,1950-10-08,M,GO,SANTA HELENA DE GOIÁS
204545,ALÊ SILVA,PSL,MG,DEP.ALESILVA@CAMARA.LEG.BR,PÓS-GRADUAÇÃO,1974-07-04,F,RJ,PETRÓPOLIS
204501,ALENCAR SANTANA BRAGA,PT,SP,DEP.ALENCARSANTANABRAGA@CAMARA.LEG.BR,SUPERIOR,1976-03-14,M,SP,GUARULHOS
160511,ALESSANDRO MOLON,PSB,RJ,DEP.ALESSANDROMOLON@CAMARA.LEG.BR,MESTRADO,1971-10-28,M,MG,BELO HORIZONTE
178972,ALEX MANENTE,CIDADANIA,SP,DEP.ALEXMANENTE@CAMARA.LEG.BR,SUPERIOR,1979-08-22,M,SP,SÃO BERNARDO DO CAMPO
204571,ALEX SANTANA,PDT,BA,DEP.ALEXSANTANA@CAMARA.LEG.BR,ENSINO MÉDIO,1972-06-22,M,BA,SALVADOR
204544,ALEXANDRE FROTA,PSDB,SP,DEP.ALEXANDREFROTA@CAMARA.LEG.BR,ENSINO MÉDIO,1963-10-14,M,RJ,RIO DE JANEIRO
160545,ALEXANDRE LEITE,DEM,SP,DEP.ALEXANDRELEITE@CAMARA.LEG.BR,SUPERIOR,1989-04-18,M,SP,SÃO PAULO
204503,ALEXANDRE PADILHA,PT,SP,DEP.ALEXANDREPADILHA@CAMARA.LEG.BR,PÓS-GRADUAÇÃO,1971-09-14,M,SP,SÃO PAULO
178833,ALEXANDRE SERFIOTIS,PSD,RJ,DEP.ALEXANDRESERFIOTIS@CAMARA.LEG.BR,PÓS-GRADUAÇÃO,1975-11-29,M,RJ,PORTO REAL
204516,ALEXIS FONTEYNE,NOVO,SP,DEP.ALEXISFONTEYNE@CAMARA.LEG.BR,PÓS-GRADUAÇÃO,1967-08-19,M,SP,CAMPINAS
74057,ALICE PORTUGAL,PCdoB,BA,DEP.ALICEPORTUGAL@CAMARA.LEG.BR,SUPERIOR,1959-05-16,F,BA,SALVADOR
178927,ALIEL MACHADO,PSB,PR,DEP.ALIELMACHADO@CAMARA.LEG.BR,SUPERIOR INCOMPLETO,1989-02-26,M,PR,PONTA GROSSA
204353,ALINE GURGEL,REPUBLICANOS,AP,DEP.ALINEGURGEL@CAMARA.LEG.BR,SUPERIOR,1980-11-25,F,AP,MACAPÁ
204400,ALINE SLEUTJES,PSL,PR,DEP.ALINESLEUTJES@CAMARA.LEG.BR,PÓS-GRADUAÇÃO,1979-07-26,F,PR,CASTRO
178881,ALUISIO MENDES,PSC,MA,DEP.ALUISIOMENDES@CAMARA.LEG.BR,SUPERIOR,1961-11-11,M,MG,BELO HORIZONTE
204356,AMARO NETO,REPUBLICANOS,ES,DEP.AMARONETO@CAMARA.LEG.BR,SUPERIOR,1976-12-04,M,ES,VITÓRIA
178831,ANDRÉ ABDON,PP,AP,DEP.ANDREABDON@CAMARA.LEG.BR,SUPERIOR,1970-11-10,M,PA,BELÉM
74471,ANDRÉ DE PAULA,PSD,PE,DEP.ANDREDEPAULA@CAMARA.LEG.BR,SUPERIOR,1961-07-22,M,PE,RECIFE
204423,ANDRÉ FERREIRA,PSC,PE,DEP.ANDREFERREIRA@CAMARA.LEG.BR,SUPERIOR,1972-12-10,M,PE,RECIFE
133439,ANDRÉ FIGUEIREDO,PDT,CE,DEP.ANDREFIGUEIREDO@CAMARA.LEG.BR,PÓS-GRADUAÇÃO,1966-11-10,M,CE,FORTALEZA
178882,ANDRÉ FUFUCA,PP,MA,DEP.ANDREFUFUCA@CAMARA.LEG.BR,SUPERIOR,1989-08-27,M,MA,SANTA INÊS
204515,ANDRÉ JANONES,AVANTE,MG,DEP.ANDREJANONES@CAMARA.LEG.BR,SUPERIOR,1984-05-05,M,MG,ITUIUTABA
73696,ANGELA AMIN,PP,SC,DEP.ANGELAAMIN@CAMARA.LEG.BR,DOUTORADO,1953-12-20,F,SC,INDAIAL
160553,ANTONIO BRITO,PSD,BA,DEP.ANTONIOBRITO@CAMARA.LEG.BR,PÓS-GRADUAÇÃO,1969-01-17,M,BA,SALVADOR
73433,ARLINDO CHINAGLIA,PT,SP,DEP.ARLINDOCHINAGLIA@CAMARA.LEG.BR,PÓS-GRADUAÇÃO,1949-12-24,M,SP,SERRA AZUL
141391,ARNALDO JARDIM,CIDADANIA,SP,DEP.ARNALDOJARDIM@CAMARA.LEG.BR,SUPERIOR,1955-05-08,M,SP,ALTINÓPOLIS
204414,AROLDO MARTINS,REPUBLICANOS,PR,DEP.AROLDOMARTINS@CAMARA.LEG.BR,DOUTORADO,1961-07-03,M,SP,SÃO PAULO
160541,ARTHUR LIRA,PP,AL,DEP.ARTHURLIRA@CAMARA.LEG.BR,SUPERIOR,1969-06-25,M,AL,MACEIÓ
160600,ARTHUR OLIVEIRA MAIA,DEM,BA,DEP.ARTHUROLIVEIRAMAIA@CAMARA.LEG.BR,MESTRADO,1964-08-17,M,BA,SALVADOR
159237,ASSIS CARVALHO,PT,PI,DEP.ASSISCARVALHO@CAMARA.LEG.BR,SUPERIOR,1961-09-09,M,PI,OEIRAS
74090,ÁTILA LINS,PP,AM,DEP.ATILALINS@CAMARA.LEG.BR,SUPERIOR,1950-11-22,M,AM,FONTE BOA
74459,ÁTILA LIRA,PP,PI,DEP.ATILALIRA@CAMARA.LEG.BR,PÓS-GRADUAÇÃO,1947-04-07,M,PI,PIRIPIRI
160665,AUGUSTO COUTINHO,SOLIDARIEDADE,PE,DEP.AUGUSTOCOUTINHO@CAMARA.LEG.BR,SUPERIOR,1962-10-22,M,PE,RECIFE
204509,ÁUREA CAROLINA,PSOL,MG,DEP.AUREACAROLINA@CAMARA.LEG.BR,MESTRADO,1983-11-20,F,PA,TUCURUÍ
160512,AUREO RIBEIRO,SOLIDARIEDADE,RJ,DEP.AUREORIBEIRO@CAMARA.LEG.BR,SUPERIOR INCOMPLETO,1979-02-17,M,RJ,DUQUE DE CAXIAS
69871,BACELAR,PODE,BA,DEP.BACELAR@CAMARA.LEG.BR,MESTRADO,1957-07-09,M,BA,ESPLANADA
178975,BALEIA ROSSI,MDB,SP,DEP.BALEIAROSSI@CAMARA.LEG.BR,SUPERIOR,1972-06-09,M,SP,SÃO PAULO
73701,BENEDITA DA SILVA,PT,RJ,DEP.BENEDITADASILVA@CAMARA.LEG.BR,SUPERIOR,1942-04-26,F,RJ,RIO DE JANEIRO
109429,BENES LEOCÁDIO,REPUBLICANOS,RN,DEP.BENESLEOCADIO@CAMARA.LEG.BR,SUPERIOR,1966-04-22,M,RN,SANTANA DO MATOS
141335,BETO FARO,PT,PA,DEP.BETOFARO@CAMARA.LEG.BR,SECUNDÁRIO,1969-06-20,M,PA,BUJARU
204358,BETO PEREIRA,PSDB,MS,DEP.BETOPEREIRA@CAMARA.LEG.BR,SUPERIOR,1977-11-14,M,MS,CAMPO GRANDE
178948,BETO ROSADO,PP,RN,DEP.BETOROSADO@CAMARA.LEG.BR,PÓS-GRADUAÇÃO,1982-02-01,M,RN,MOSSORÓ
207176,BIA CAVASSA,PSDB,MS,DEP.BIACAVASSA@CAMARA.LEG.BR,NONE,1969-01-14,F,MS,CORUMBÁ
204374,BIA KICIS,PSL,DF,DEP.BIAKICIS@CAMARA.LEG.BR,SUPERIOR,1961-09-19,F,RJ,RESENDE
204388,BIBO NUNES,PSL,RS,DEP.BIBONUNES@CAMARA.LEG.BR,SUPERIOR INCOMPLETO,1957-01-09,M,RS,CRUZ ALTA
141513,BILAC PINTO,DEM,MG,DEP.BILACPINTO@CAMARA.LEG.BR,SUPERIOR,1963-06-08,M,RJ,RIO DE JANEIRO
204561,BIRA DO PINDARÉ,PSB,MA,DEP.BIRADOPINDARE@CAMARA.LEG.BR,MESTRADO,1968-11-01,M,MA,PINDARÉ MIRIM
204397,BOCA ABERTA,PROS,PR,DEP.BOCAABERTA@CAMARA.LEG.BR,ENSINO MÉDIO,1971-08-07,M,PR,LONDRINA
160538,BOHN GASS,PT,RS,DEP.BOHNGASS@CAMARA.LEG.BR,PÓS-GRADUAÇÃO,1962-02-05,M,RS,SANTO CRISTO
74052,BOSCO COSTA,PL,SE,DEP.BOSCOCOSTA@CAMARA.LEG.BR,SUPERIOR INCOMPLETO,1950-09-28,M,SE,ITABAIANA
204551,BOSCO SARAIVA,SOLIDARIEDADE,AM,DEP.BOSCOSARAIVA@CAMARA.LEG.BR,SUPERIOR,1959-10-10,M,AM,MANAUS
160589,BRUNA FURLAN,PSDB,SP,DEP.BRUNAFURLAN@CAMARA.LEG.BR,PÓS-GRADUAÇÃO,1983-04-28,F,SP,BARUERI
93083,CACÁ LEÃO,PP,BA,DEP.CACALEAO@CAMARA.LEG.BR,PÓS-GRADUAÇÃO,1979-11-03,M,BA,SALVADOR
204352,CAMILO CAPIBERIBE,PSB,AP,DEP.CAMILOCAPIBERIBE@CAMARA.LEG.BR,SUPERIOR,1972-05-23,M,,SANTIAGO
204572,CAPITÃO ALBERTO NETO,REPUBLICANOS,AM,DEP.CAPITAOALBERTONETO@CAMARA.LEG.BR,PÓS-GRADUAÇÃO,1982-05-05,M,CE,FORTALEZA
178829,CAPITÃO AUGUSTO,PL,SP,DEP.CAPITAOAUGUSTO@CAMARA.LEG.BR,MESTRADO,1966-10-04,M,SP,OURINHOS
204487,CAPITÃO WAGNER,PROS,CE,DEP.CAPITAOWAGNER@CAMARA.LEG.BR,SUPERIOR,1979-01-21,M,SP,SAO PAULO
204507,CARLA ZAMBELLI,PSL,SP,DEP.CARLAZAMBELLI@CAMARA.LEG.BR,PÓS-GRADUAÇÃO,1980-07-03,F,SP,RIBEIRÃO PRETO
141401,CARLOS BEZERRA,MDB,MT,DEP.CARLOSBEZERRA@CAMARA.LEG.BR,SUPERIOR,1941-11-04,M,MT,CHAPADA DOS GUIMARÃES
204361,CARLOS CHIODINI,MDB,SC,DEP.CARLOSCHIODINI@CAMARA.LEG.BR,SUPERIOR,1982-03-08,M,SC,JARAGUÁ DO SUL
178962,CARLOS GOMES,REPUBLICANOS,RS,DEP.CARLOSGOMES@CAMARA.LEG.BR,SUPERIOR INCOMPLETO,1972-06-13,M,BA,SAÚDE
178993,CARLOS HENRIQUE GAGUIM,DEM,TO,DEP.CARLOSHENRIQUEGAGUIM@CAMARA.LEG.BR,PÓS-GRADUAÇÃO,1961-04-21,M,GO,CERES
204460,CARLOS JORDY,PSL,RJ,DEP.CARLOSJORDY@CAMARA.LEG.BR,SUPERIOR,1982-02-08,M,RJ,NITERÓI
74262,CARLOS SAMPAIO,PSDB,SP,DEP.CARLOSSAMPAIO@CAMARA.LEG.BR,SUPERIOR,1963-03-31,M,SP,CAMPINAS
204426,CARLOS VERAS,PT,PE,DEP.CARLOSVERAS@CAMARA.LEG.BR,SUPERIOR,1981-08-10,M,PE,TABIRA
141398,CARLOS ZARATTINI,PT,SP,DEP.CARLOSZARATTINI@CAMARA.LEG.BR,SUPERIOR,1959-06-08,M,SP,SÃO PAULO
164360,CARMEN ZANOTTO,CIDADANIA,SC,DEP.CARMENZANOTTO@CAMARA.LEG.BR,SUPERIOR,1962-10-06,F,SC,LAGES
204369,CAROLINE DE TONI,PSL,SC,DEP.CAROLINEDETONI@CAMARA.LEG.BR,MESTRADO,1986-09-01,F,SC,CHAPECÓ
204499,CÁSSIO ANDRADE,PSB,PA,DEP.CASSIOANDRADE@CAMARA.LEG.BR,SUPERIOR,1981-09-12,M,BA,SALVADOR
204380,CELINA LEÃO,PP,DF,DEP.CELINALEAO@CAMARA.LEG.BR,PÓS-GRADUAÇÃO,1977-03-02,F,GO,GOIÂNIA
204370,CÉLIO MOURA,PT,TO,DEP.CELIOMOURA@CAMARA.LEG.BR,SUPERIOR,1953-08-13,M,MG,ARAPUÁ
178876,CÉLIO SILVEIRA,PSDB,GO,DEP.CELIOSILVEIRA@CAMARA.LEG.BR,SUPERIOR,1959-09-19,M,GO,LUZIÂNIA
204488,CÉLIO STUDART,PV,CE,DEP.CELIOSTUDART@CAMARA.LEG.BR,SUPERIOR,1987-06-19,M,CE,FORTALEZA
141405,CELSO MALDANER,MDB,SC,DEP.CELSOMALDANER@CAMARA.LEG.BR,PÓS-GRADUAÇÃO,1953-08-30,M,SC,CHAPECÓ
73441,CELSO RUSSOMANNO,REPUBLICANOS,SP,DEP.CELSORUSSOMANNO@CAMARA.LEG.BR,SUPERIOR,1956-08-20,M,SP,SÃO PAULO
204496,CELSO SABINO,PSDB,PA,DEP.CELSOSABINO@CAMARA.LEG.BR,DOUTORADO,1978-08-29,M,PA,BELÉM
204504,CEZINHA DE MADUREIRA,PSD,SP,DEP.CEZINHADEMADUREIRA@CAMARA.LEG.BR,SUPERIOR,1973-12-12,M,BA,IPIAÚ
205476,CHARLES FERNANDES,PSD,BA,DEP.CHARLESFERNANDES@CAMARA.LEG.BR,SUPERIOR,1965-03-15,M,BA,GUANAMBI
204490,CHARLLES EVANGELISTA,PSL,MG,DEP.CHARLLESEVANGELISTA@CAMARA.LEG.BR,SUPERIOR,1984-12-27,M,MG,JUIZ DE FORA
141439,CHICO D'ANGELO,PDT,RJ,DEP.CHICODANGELO@CAMARA.LEG.BR,PÓS-GRADUAÇÃO,1953-02-11,M,RJ,CAMPOS DOS GOYTACAZES
204476,CHIQUINHO BRAZÃO,AVANTE,RJ,DEP.CHIQUINHOBRAZAO@CAMARA.LEG.BR,ENSINO MÉDIO,1962-02-22,M,RJ,RIO DE JANEIRO
204462,CHRIS TONIETTO,PSL,RJ,DEP.CHRISTONIETTO@CAMARA.LEG.BR,SUPERIOR,1991-05-14,F,RJ,RIO DE JANEIRO
178928,CHRISTIANE DE SOUZA YARED,PL,PR,DEP.CHRISTIANEDESOUZAYARED@CAMARA.LEG.BR,ENSINO MÉDIO,1960-02-23,F,PR,CURITIBA
204440,CHRISTINO AUREO,PP,RJ,DEP.CHRISTINOAUREO@CAMARA.LEG.BR,PÓS-GRADUAÇÃO,1962-04-26,M,RJ,MACAÉ
178939,CLARISSA GAROTINHO,PROS,RJ,DEP.CLARISSAGAROTINHO@CAMARA.LEG.BR,SUPERIOR,1982-07-02,F,RJ,CAMPOS DOS GOYTACAZES
74537,CLAUDIO CAJADO,PP,BA,DEP.CLAUDIOCAJADO@CAMARA.LEG.BR,SUPERIOR,1963-12-01,M,BA,SALVADOR
141408,CLEBER VERDE,REPUBLICANOS,MA,DEP.CLEBERVERDE@CAMARA.LEG.BR,SUPERIOR,1972-05-10,M,MA,SANTA LUZIA
204376,CORONEL ARMANDO,PSL,SC,DEP.CORONELARMANDO@CAMARA.LEG.BR,PÓS-GRADUAÇÃO,1957-06-23,M,RJ,RESENDE
204378,CORONEL CHRISÓSTOMO,PSL,RO,DEP.CORONELCHRISOSTOMO@CAMARA.LEG.BR,MESTRADO,1959-06-23,M,AM,TEFÉ
204514,CORONEL TADEU,PSL,SP,DEP.CORONELTADEU@CAMARA.LEG.BR,MESTRADO,1965-09-30,M,SP,SAO PAULO
135054,CRISTIANO VALE,PL,PA,DEP.CRISTIANOVALE@CAMARA.LEG.BR,SECUNDÁRIO,1970-04-10,M,MG,MANHUAÇU
204355,DA VITORIA,CIDADANIA,ES,DEP.DAVITORIA@CAMARA.LEG.BR,SUPERIOR,1971-06-02,M,ES,COLATINA
141411,DAGOBERTO NOGUEIRA,PDT,MS,DEP.DAGOBERTONOGUEIRA@CAMARA.LEG.BR,SUPERIOR,1955-07-21,M,SP,SÃO JOSÉ DO RIO PRETO
74467,DAMIÃO FELICIANO,PDT,PB,DEP.DAMIAOFELICIANO@CAMARA.LEG.BR,MESTRADO INCOMPLETO,1952-04-28,M,PB,CAMPINA GRANDE
74060,DANIEL ALMEIDA,PCdoB,BA,DEP.DANIELALMEIDA@CAMARA.LEG.BR,SUPERIOR,1955-01-21,M,BA,MAIRI
178916,DANIEL COELHO,CIDADANIA,PE,DEP.DANIELCOELHO@CAMARA.LEG.BR,SUPERIOR,1978-11-04,M,PE,RECIFE
204367,DANIEL FREITAS,PSL,SC,DEP.DANIELFREITAS@CAMARA.LEG.BR,SUPERIOR,1982-04-03,M,SC,CRICIÚMA
204454,DANIEL SILVEIRA,PSL,RJ,DEP.DANIELSILVEIRA@CAMARA.LEG.BR,SUPERIOR INCOMPLETO,1982-11-25,M,RJ,PETRÓPOLIS
204409,DANIEL TRZECIAK,PSDB,RS,DEP.DANIELTRZECIAK@CAMARA.LEG.BR,SUPERIOR,1986-11-04,M,RS,DOM FELICIANO
204459,DANIELA DO WAGUINHO,MDB,RJ,DEP.DANIELADOWAGUINHO@CAMARA.LEG.BR,PÓS-GRADUAÇÃO,1976-02-10,F,RJ,RIO DE JANEIRO
160528,DANILO CABRAL,PSB,PE,DEP.DANILOCABRAL@CAMARA.LEG.BR,PÓS-GRADUAÇÃO,1967-04-21,M,PE,SURUBIM
160552,DANRLEI DE DEUS HINTERHOLZ,PSD,RS,DEP.DANRLEIDEDEUSHINTERHOLZ@CAMARA.LEG.BR,SECUNDÁRIO INCOMPLETO,1973-04-18,M,RS,CRISSIUMAL
116379,DARCI DE MATOS,PSD,SC,DEP.DARCIDEMATOS@CAMARA.LEG.BR,SUPERIOR,1961-11-08,M,PR,CAFELÂNDIA
205548,DAVID MIRANDA,PSOL,RJ,DEP.DAVIDMIRANDA@CAMARA.LEG.BR,NONE,1985-05-10,M,RJ,RIO DE JANEIRO
204511,DAVID SOARES,DEM,SP,DEP.DAVIDSOARES@CAMARA.LEG.BR,PÓS-GRADUAÇÃO,1973-12-21,M,RJ,RIO DE JANEIRO
204451,DELEGADO ANTÔNIO FURTADO,PSL,RJ,DEP.DELEGADOANTONIOFURTADO@CAMARA.LEG.BR,SUPERIOR,1972-01-06,M,RJ,RIO DE JANEIRO
178908,DELEGADO ÉDER MAURO,PSD,PA,DEP.DELEGADOEDERMAURO@CAMARA.LEG.BR,SUPERIOR,1960-12-14,M,PA,BELÉM
204512,DELEGADO MARCELO FREITAS,PSL,MG,DEP.DELEGADOMARCELOFREITAS@CAMARA.LEG.BR,DOUTORADO,1976-03-04,M,MG,MONTES CLAROS
204569,DELEGADO PABLO,PSL,AM,DEP.DELEGADOPABLO@CAMARA.LEG.BR,MESTRADO,1976-07-26,M,AM,MANAUS
164359,DELEGADO WALDIR,PSL,GO,DEP.DELEGADOWALDIR@CAMARA.LEG.BR,SUPERIOR,1962-11-28,M,PR,JACAREZINHO
204542,DENIS BEZERRA,PSB,CE,DEP.DENISBEZERRA@CAMARA.LEG.BR,SUPERIOR,1980-03-17,M,CE,FORTALEZA
160588,DIEGO ANDRADE,PSD,MG,DEP.DIEGOANDRADE@CAMARA.LEG.BR,PÓS-GRADUAÇÃO,1977-08-08,M,MG,BELO HORIZONTE
178929,DIEGO GARCIA,PODE,PR,DEP.DIEGOGARCIA@CAMARA.LEG.BR,SUPERIOR,1984-10-10,M,PR,BANDEIRANTES
160599,DIMAS FABIANO,PP,MG,DEP.DIMASFABIANO@CAMARA.LEG.BR,SUPERIOR,1973-05-23,M,RJ,MACAÉ
143632,DOMINGOS NETO,PSD,CE,DEP.DOMINGOSNETO@CAMARA.LEG.BR,MESTRADO INCOMPLETO,1988-04-29,M,CE,FORTALEZA
160758,DOMINGOS SÁVIO,PSDB,MG,DEP.DOMINGOSSAVIO@CAMARA.LEG.BR,PÓS-GRADUAÇÃO,1957-03-25,M,MG,SÃO TIAGO
204518,DR. FREDERICO,PATRIOTA,MG,DEP.DR.FREDERICO@CAMARA.LEG.BR,SUPERIOR,1977-03-24,M,RJ,TERESÓPOLIS
204481,DR. JAZIEL,PL,CE,DEP.DR.JAZIEL@CAMARA.LEG.BR,SUPERIOR,1961-05-03,M,CE,CAMOCIM
204439,DR. LEONARDO,SOLIDARIEDADE,MT,DEP.DR.LEONARDO@CAMARA.LEG.BR,PÓS-GRADUAÇÃO,1978-06-14,M,GO,RIO VERDE
204450,DR. LUIZ ANTONIO TEIXEIRA JR.,PP,RJ,DEP.DR.LUIZANTONIOTEIXEIRAJR@CAMARA.LEG.BR,SUPERIOR,1973-12-15,M,RJ,NOVA IGUAÇU
204351,DR. LUIZ OVANDO,PSL,MS,DEP.DR.LUIZOVANDO@CAMARA.LEG.BR,SUPERIOR,1949-09-25,M,MS,CORUMBÁ
178830,DR. SINVAL MALHEIROS,PODE,SP,DEP.DR.SINVALMALHEIROS@CAMARA.LEG.BR,SUPERIOR,1951-02-23,M,SP,SÃO PAULO
204412,DR. ZACHARIAS CALIL,DEM,GO,DEP.DR.ZACHARIASCALIL@CAMARA.LEG.BR,SUPERIOR,1953-11-05,M,GO,GOIÂNIA
81297,DRA. SORAYA MANATO,PSL,ES,DEP.DRA.SORAYAMANATO@CAMARA.LEG.BR,PÓS-GRADUAÇÃO,1961-03-10,F,ES,LINHARES
204434,DRA. VANDA MILANI,SOLIDARIEDADE,AC,DEP.DRA.VANDAMILANI@CAMARA.LEG.BR,SUPERIOR,1953-09-17,F,SP,CEDRAL
178994,DULCE MIRANDA,MDB,TO,DEP.DULCEMIRANDA@CAMARA.LEG.BR,SUPERIOR,1963-12-15,F,MG,POCRANE
204562,EDILÁZIO JÚNIOR,PSD,MA,DEP.EDILAZIOJUNIOR@CAMARA.LEG.BR,PÓS-GRADUAÇÃO,1981-05-04,M,MA,SÃO LUÍS
141417,EDIO LOPES,PL,RR,DEP.EDIOLOPES@CAMARA.LEG.BR,SUPERIOR INCOMPLETO,1952-01-04,M,SP,PRESIDENTE EPITÁCIO
134812,EDMILSON RODRIGUES,PSOL,PA,DEP.EDMILSONRODRIGUES@CAMARA.LEG.BR,DOUTORADO,1957-05-26,M,PA,BELÉM
204421,EDNA HENRIQUE,PSDB,PB,DEP.EDNAHENRIQUE@CAMARA.LEG.BR,SUPERIOR,1958-09-04,F,BA,XIQUE-XIQUE
74655,EDUARDO BARBOSA,PSDB,MG,DEP.EDUARDOBARBOSA@CAMARA.LEG.BR,PÓS-GRADUAÇÃO,1958-08-25,M,MG,PARÁ DE MINAS
204541,EDUARDO BISMARCK,PDT,CE,DEP.EDUARDOBISMARCK@CAMARA.LEG.BR,SUPERIOR,1981-11-14,M,CE,FORTALEZA
92346,EDUARDO BOLSONARO,PSL,SP,DEP.EDUARDOBOLSONARO@CAMARA.LEG.BR,SUPERIOR,1984-07-10,M,RJ,RIO DE JANEIRO
204552,EDUARDO BRAIDE,PODE,MA,DEP.EDUARDOBRAIDE@CAMARA.LEG.BR,SUPERIOR,1976-01-12,M,MA,SÃO LUÍS
204500,EDUARDO COSTA,PTB,PA,DEP.EDUARDOCOSTA@CAMARA.LEG.BR,SUPERIOR,1968-02-16,M,PA,BELÉM
178977,EDUARDO CURY,PSDB,SP,DEP.EDUARDOCURY@CAMARA.LEG.BR,SUPERIOR,1963-09-19,M,SP,SÃO JOSÉ DOS CAMPOS
141421,EDUARDO DA FONTE,PP,PE,DEP.EDUARDODAFONTE@CAMARA.LEG.BR,NONE,1972-10-17,M,PE,RECIFE
141422,EFRAIM FILHO,DEM,PB,DEP.EFRAIMFILHO@CAMARA.LEG.BR,PÓS-GRADUAÇÃO,1979-03-18,M,PB,JOÃO PESSOA
74075,ELCIONE BARBALHO,MDB,PA,DEP.ELCIONEBARBALHO@CAMARA.LEG.BR,PÓS-GRADUAÇÃO,1944-10-05,F,PA,BELÉM
204364,ELI BORGES,SOLIDARIEDADE,TO,DEP.ELIBORGES@CAMARA.LEG.BR,SUPERIOR,1960-09-01,M,GO,IPAMERI
160532,ELI CORRÊA FILHO,DEM,SP,DEP.ELICORREAFILHO@CAMARA.LEG.BR,SUPERIOR,1976-01-13,M,SP,SÃO PAULO
204389,ELIAS VAZ,PSB,GO,DEP.ELIASVAZ@CAMARA.LEG.BR,SUPERIOR,1966-07-04,M,GO,GOIÂNIA
178854,ELMAR NASCIMENTO,DEM,BA,DEP.ELMARNASCIMENTO@CAMARA.LEG.BR,PÓS-GRADUAÇÃO,1970-07-06,M,BA,CAMPO FORMOSO
198783,EMANUEL PINHEIRO NETO,PTB,MT,DEP.EMANUELPINHEIRONETO@CAMARA.LEG.BR,SUPERIOR,1995-01-05,M,MT,CUIABÁ
161550,EMIDINHO MADEIRA,PSB,MG,DEP.EMIDINHOMADEIRA@CAMARA.LEG.BR,ENSINO FUNDAMENTAL,1967-03-10,M,MG,NOVA RESENDE
207309,ENÉIAS REIS,PSL,MG,DEP.ENEIASREIS@CAMARA.LEG.BR,PÓS-GRADUAÇÃO,1972-11-05,M,MG,CORONEL FABRICIANO
132504,ENIO VERRI,PT,PR,DEP.ENIOVERRI@CAMARA.LEG.BR,DOUTORADO,1961-03-27,M,PR,MARINGÁ
204537,ENRICO MISASI,PV,SP,DEP.ENRICOMISASI@CAMARA.LEG.BR,MESTRADO INCOMPLETO,1994-08-06,M,SP,SÃO PAULO
160575,ERIKA KOKAY,PT,DF,DEP.ERIKAKOKAY@CAMARA.LEG.BR,SUPERIOR,1957-08-15,F,CE,FORTALEZA
160640,EROS BIONDINI,PROS,MG,DEP.EROSBIONDINI@CAMARA.LEG.BR,PÓS-GRADUAÇÃO,1971-05-20,M,MG,BELO HORIZONTE
204482,EUCLYDES PETTERSEN,PSC,MG,DEP.EUCLYDESPETTERSEN@CAMARA.LEG.BR,SUPERIOR,1984-08-15,M,MG,GOVERNADOR VALADARES
178871,EVAIR VIEIRA DE MELO,PP,ES,DEP.EVAIRVIEIRADEMELO@CAMARA.LEG.BR,PÓS-GRADUAÇÃO,1972-04-02,M,ES,CONCEIÇÃO DO CASTELO
178953,EXPEDITO NETTO,PSD,RO,DEP.EXPEDITONETTO@CAMARA.LEG.BR,MESTRADO INCOMPLETO,1988-10-05,M,RO,PORTO VELHO
141428,FÁBIO FARIA,PSD,RN,DEP.FABIOFARIA@CAMARA.LEG.BR,SUPERIOR,1977-09-01,M,RN,NATAL
68720,FÁBIO HENRIQUE,PDT,SE,DEP.FABIOHENRIQUE@CAMARA.LEG.BR,NONE,1972-06-19,M,SE,SIMÃO DIAS
178969,FÁBIO MITIDIERI,PSD,SE,DEP.FABIOMITIDIERI@CAMARA.LEG.BR,SUPERIOR,1977-02-24,M,SE,ARACAJU
141427,FÁBIO RAMALHO,MDB,MG,DEP.FABIORAMALHO@CAMARA.LEG.BR,NONE,1961-12-22,M,DF,BRASÍLIA
171623,FABIO REIS,MDB,SE,DEP.FABIOREIS@CAMARA.LEG.BR,SUPERIOR INCOMPLETO,1977-04-15,M,SE,LAGARTO
204368,FABIO SCHIOCHET,PSL,SC,DEP.FABIOSCHIOCHET@CAMARA.LEG.BR,SUPERIOR INCOMPLETO,1988-05-31,M,SC,JARAGUÁ DO SUL
160587,FÁBIO TRAD,PSD,MS,DEP.FABIOTRAD@CAMARA.LEG.BR,MESTRADO,1969-08-18,M,MS,CAMPO GRANDE
66828,FAUSTO PINATO,PP,SP,DEP.FAUSTOPINATO@CAMARA.LEG.BR,SUPERIOR,1977-06-01,M,SP,FERNANDÓPOLIS
204477,FELÍCIO LATERÇA,PSL,RJ,DEP.FELICIOLATERCA@CAMARA.LEG.BR,SUPERIOR,1967-05-26,M,RJ,CAMPOS DOS GOYTACAZES
72442,FELIPE CARRERAS,PSB,PE,DEP.FELIPECARRERAS@CAMARA.LEG.BR,SUPERIOR INCOMPLETO,1975-04-16,M,PE,RECIFE
204398,FELIPE FRANCISCHINI,PSL,PR,DEP.FELIPEFRANCISCHINI@CAMARA.LEG.BR,SUPERIOR,1991-10-02,M,PR,CURITIBA
204371,FELIPE RIGONI,PSB,ES,DEP.FELIPERIGONI@CAMARA.LEG.BR,MESTRADO,1991-06-13,M,ES,LINHARES
160666,FÉLIX MENDONÇA JÚNIOR,PDT,BA,DEP.FELIXMENDONCAJUNIOR@CAMARA.LEG.BR,SUPERIOR,1963-11-29,M,BA,ITABUNA
204407,FERNANDA MELCHIONNA,PSOL,RS,DEP.FERNANDAMELCHIONNA@CAMARA.LEG.BR,SUPERIOR,1984-02-02,F,RS,ALEGRETE
141431,FERNANDO COELHO FILHO,DEM,PE,DEP.FERNANDOCOELHOFILHO@CAMARA.LEG.BR,SUPERIOR,1984-02-28,M,PE,RECIFE
92699,FERNANDO MONTEIRO,PP,PE,DEP.FERNANDOMONTEIRO@CAMARA.LEG.BR,SUPERIOR,1976-09-17,M,PE,RECIFE
204427,FERNANDO RODOLFO,PL,PE,DEP.FERNANDORODOLFO@CAMARA.LEG.BR,SUPERIOR,1983-11-17,M,PE,GARANHUNS
204411,FILIPE BARROS,PSL,PR,DEP.FILIPEBARROS@CAMARA.LEG.BR,SUPERIOR,1991-05-29,M,PR,LONDRINA
204354,FLÁVIA ARRUDA,PL,DF,DEP.FLAVIAARRUDA@CAMARA.LEG.BR,SUPERIOR,1980-01-21,F,DF,BRASÍLIA
160598,FLÁVIA MORAIS,PDT,GO,DEP.FLAVIAMORAIS@CAMARA.LEG.BR,SUPERIOR,1969-04-26,F,MG,BELO HORIZONTE
141434,FLAVIANO MELO,MDB,AC,DEP.FLAVIANOMELO@CAMARA.LEG.BR,SUPERIOR,1949-11-17,M,AC,RIO BRANCO
191923,FLÁVIO NOGUEIRA,PDT,PI,DEP.FLAVIONOGUEIRA@CAMARA.LEG.BR,SUPERIOR,1953-02-27,M,CE,ALTO SANTO
204447,FLORDELIS,PSD,RJ,DEP.FLORDELIS@CAMARA.LEG.BR,ENSINO MÉDIO,1961-02-05,F,RJ,RIO DE JANEIRO
204392,FRANCISCO JR.,PSD,GO,DEP.FRANCISCOJR@CAMARA.LEG.BR,MESTRADO,1969-03-15,M,GO,GOIÂNIA
204510,FRANCO CARTAFINA,PP,MG,DEP.FRANCOCARTAFINA@CAMARA.LEG.BR,PÓS-GRADUAÇÃO,1986-11-03,M,MG,UBERABA
204494,FRED COSTA,PATRIOTA,MG,DEP.FREDCOSTA@CAMARA.LEG.BR,SUPERIOR INCOMPLETO,1977-07-12,M,MG,BELO HORIZONTE
204393,FREI ANASTACIO RIBEIRO,PT,PB,DEP.FREIANASTACIORIBEIRO@CAMARA.LEG.BR,SUPERIOR,1944-03-03,M,PB,ESPERANÇA
74200,GASTÃO VIEIRA,PROS,MA,DEP.GASTAOVIEIRA@CAMARA.LEG.BR,SUPERIOR,1946-06-15,M,MA,SÃO LUÍS
115746,GELSON AZEVEDO,PL,RJ,DEP.GELSONAZEVEDO@CAMARA.LEG.BR,ENSINO MÉDIO INCOMPLETO,1965-01-10,M,RJ,CAMPOS DOS GOYTACAZES
160669,GENECIAS NORONHA,SOLIDARIEDADE,CE,DEP.GENECIASNORONHA@CAMARA.LEG.BR,ENSINO MÉDIO,1963-03-13,M,CE,FORTALEZA
204473,GENERAL GIRÃO,PSL,RN,DEP.GENERALGIRAO@CAMARA.LEG.BR,DOUTORADO,1955-05-08,M,CE,FORTALEZA
204484,GENERAL PETERNELLI,PSL,SP,DEP.GENERALPETERNELLI@CAMARA.LEG.BR,DOUTORADO,1954-08-06,M,SP,SÃO PAULO
204527,GENINHO ZULIANI,DEM,SP,DEP.GENINHOZULIANI@CAMARA.LEG.BR,SUPERIOR,1976-01-13,M,SP,RIBEIRÃO PIRES
178966,GEOVANIA DE SÁ,PSDB,SC,DEP.GEOVANIADESA@CAMARA.LEG.BR,PÓS-GRADUAÇÃO,1972-03-30,F,SC,CRICIÚMA
204394,GERVÁSIO MAIA,PSB,PB,DEP.GERVASIOMAIA@CAMARA.LEG.BR,SUPERIOR,1975-04-14,M,SP,SÃO PAULO
74383,GIACOBO,PL,PR,DEP.GIACOBO@CAMARA.LEG.BR,SUPERIOR,1970-12-17,M,PR,PATO BRANCO
204575,GIL CUTRIM,PDT,MA,DEP.GILCUTRIM@CAMARA.LEG.BR,SUPERIOR,1979-10-26,M,MA,SÃO LUÍS
204491,GILBERTO ABRAMO,REPUBLICANOS,MG,DEP.GILBERTOABRAMO@CAMARA.LEG.BR,SUPERIOR,1966-08-06,M,SP,PORTO FERREIRA
74270,GILBERTO NASCIMENTO,PSC,SP,DEP.GILBERTONASCIMENTO@CAMARA.LEG.BR,SUPERIOR,1956-07-09,M,SP,SÃO PAULO
204570,GILDENEMYR,PL,MA,DEP.GILDENEMYR@CAMARA.LEG.BR,SUPERIOR,1971-11-08,M,MA,SÃO LUÍS
204365,GILSON MARQUES,NOVO,SC,DEP.GILSONMARQUES@CAMARA.LEG.BR,PÓS-GRADUAÇÃO,1981-04-12,M,SC,RIO DO SUL
160673,GIOVANI CHERINI,PL,RS,DEP.GIOVANICHERINI@CAMARA.LEG.BR,PÓS-GRADUAÇÃO,1960-06-23,M,RS,SOLEDADE
178996,GIOVANI FELTES,MDB,RS,DEP.GIOVANIFELTES@CAMARA.LEG.BR,SUPERIOR,1957-04-10,M,RS,SÃO LEOPOLDO
152605,GLAUBER BRAGA,PSOL,RJ,DEP.GLAUBERBRAGA@CAMARA.LEG.BR,SUPERIOR,1982-06-26,M,RJ,NOVA FRIBURGO
204419,GLAUSTIN FOKUS,PSC,GO,DEP.GLAUSTINFOKUS@CAMARA.LEG.BR,SUPERIOR,1973-12-22,M,GO,GOIÂNIA
107283,GLEISI HOFFMANN,PT,PR,DEP.GLEISIHOFFMANN@CAMARA.LEG.BR,PÓS-GRADUAÇÃO,1965-09-06,F,PR,CURITIBA
74419,GONZAGA PATRIOTA,PSB,PE,DEP.GONZAGAPATRIOTA@CAMARA.LEG.BR,DOUTORADO,1946-04-26,M,PE,SERTÂNIA
198197,GREYCE ELIAS,AVANTE,MG,DEP.GREYCEELIAS@CAMARA.LEG.BR,SUPERIOR,1981-12-15,F,MG,PATROCÍNIO
204513,GUIGA PEIXOTO,PSL,SP,DEP.GUIGAPEIXOTO@CAMARA.LEG.BR,PÓS-GRADUAÇÃO,1961-11-13,M,SP,TATUÍ
204531,GUILHERME DERRITE,PP,SP,DEP.GUILHERMEDERRITE@CAMARA.LEG.BR,PÓS-GRADUAÇÃO,1984-10-10,M,SP,SOROCABA
160667,GUILHERME MUSSI,PP,SP,DEP.GUILHERMEMUSSI@CAMARA.LEG.BR,SUPERIOR,1982-10-14,M,PR,CURITIBA
204442,GURGEL,PSL,RJ,DEP.GURGEL@CAMARA.LEG.BR,PÓS-GRADUAÇÃO,1980-12-02,M,RJ,RIO DE JANEIRO
73460,GUSTAVO FRUET,PDT,PR,DEP.GUSTAVOFRUET@CAMARA.LEG.BR,SUPERIOR,1963-04-18,M,PR,CURITIBA
204408,GUSTINHO RIBEIRO,SOLIDARIEDADE,SE,DEP.GUSTINHORIBEIRO@CAMARA.LEG.BR,SUPERIOR,1982-02-16,M,SE,ARACAJU
204456,GUTEMBERG REIS,MDB,RJ,DEP.GUTEMBERGREIS@CAMARA.LEG.BR,ENSINO MÉDIO,1979-09-09,M,RJ,DUQUE DE CAXIAS
204465,HAROLDO CATHEDRAL,PSD,RR,DEP.HAROLDOCATHEDRAL@CAMARA.LEG.BR,DOUTORADO,1953-05-11,M,MG,ITABIRA
204548,HEITOR FREIRE,PSL,CE,DEP.HEITORFREIRE@CAMARA.LEG.BR,MESTRADO,1981-10-08,M,CE,JUAZEIRO DO NORTE
178964,HEITOR SCHUCH,PSB,RS,DEP.HEITORSCHUCH@CAMARA.LEG.BR,SUPERIOR INCOMPLETO,1962-03-25,M,RS,SANTA CRUZ DO SUL
178873,HELDER SALOMÃO,PT,ES,DEP.HELDERSALOMAO@CAMARA.LEG.BR,PÓS-GRADUAÇÃO,1964-03-08,M,ES,COLATINA
204373,HÉLIO COSTA,REPUBLICANOS,SC,DEP.HELIOCOSTA@CAMARA.LEG.BR,ENSINO MÉDIO,1954-03-03,M,SC,FLORIANÓPOLIS
178909,HÉLIO LEITE,DEM,PA,DEP.HELIOLEITE@CAMARA.LEG.BR,SUPERIOR,1957-12-09,M,PA,CASTANHAL
204444,HELIO LOPES,PSL,RJ,DEP.HELIOLOPES@CAMARA.LEG.BR,SUPERIOR,1969-03-28,M,RJ,QUEIMADOS
73482,HENRIQUE FONTANA,PT,RS,DEP.HENRIQUEFONTANA@CAMARA.LEG.BR,SUPERIOR,1960-01-18,M,RS,PORTO ALEGRE
204539,HERCÍLIO COELHO DINIZ,MDB,MG,DEP.HERCILIOCOELHODINIZ@CAMARA.LEG.BR,SUPERIOR INCOMPLETO,1963-09-14,M,MG,GOVERNADOR VALADARES
178981,HERCULANO PASSOS,MDB,SP,DEP.HERCULANOPASSOS@CAMARA.LEG.BR,SUPERIOR INCOMPLETO,1956-08-04,M,SP,ITU
73772,HERMES PARCIANELLO,MDB,PR,DEP.HERMESPARCIANELLO@CAMARA.LEG.BR,SUPERIOR,1958-04-25,M,PR,GOIOERÊ
178884,HILDO ROCHA,MDB,MA,DEP.HILDOROCHA@CAMARA.LEG.BR,PÓS-GRADUAÇÃO,1960-04-22,M,MA,SÃO LUÍS
178959,HIRAN GONÇALVES,PP,RR,DEP.HIRANGONCALVES@CAMARA.LEG.BR,SUPERIOR,1957-06-19,M,AM,TEFÉ
141450,HUGO LEAL,PSD,RJ,DEP.HUGOLEAL@CAMARA.LEG.BR,PÓS-GRADUAÇÃO,1962-08-06,M,MG,OURO FINO
160674,HUGO MOTTA,REPUBLICANOS,PB,DEP.HUGOMOTTA@CAMARA.LEG.BR,SUPERIOR,1989-09-11,M,PB,JOÃO PESSOA
204533,IDILVAN ALENCAR,PDT,CE,DEP.IDILVANALENCAR@CAMARA.LEG.BR,MESTRADO,1968-09-23,M,CE,CRATO
204564,IGOR KANNÁRIO,DEM,BA,DEP.IGORKANNARIO@CAMARA.LEG.BR,ENSINO FUNDAMENTAL,1984-11-29,M,BA,SALVADOR
204508,IGOR TIMO,PODE,MG,DEP.IGORTIMO@CAMARA.LEG.BR,SUPERIOR INCOMPLETO,1982-04-10,M,MG,VIRGEM DA LAPA
67138,IRACEMA PORTELLA,PP,PI,DEP.IRACEMAPORTELLA@CAMARA.LEG.BR,SUPERIOR,1966-04-23,F,PI,TERESINA
204436,ISNALDO BULHÕES JR.,MDB,AL,DEP.ISNALDOBULHOESJR@CAMARA.LEG.BR,SUPERIOR,1976-10-30,M,AL,MACEIÓ
73531,IVAN VALENTE,PSOL,SP,DEP.IVANVALENTE@CAMARA.LEG.BR,SUPERIOR,1946-07-05,M,SP,SÃO PAULO
74848,JANDIRA FEGHALI,PCdoB,RJ,DEP.JANDIRAFEGHALI@CAMARA.LEG.BR,PÓS-GRADUAÇÃO,1957-05-17,F,PR,CURITIBA
108338,JAQUELINE CASSOL,PP,RO,DEP.JAQUELINECASSOL@CAMARA.LEG.BR,PÓS-GRADUAÇÃO,1974-12-03,F,SC,SÃO MIGUEL DO OESTE
74273,JEFFERSON CAMPOS,PSB,SP,DEP.JEFFERSONCAMPOS@CAMARA.LEG.BR,SUPERIOR,1964-10-26,M,SP,OURINHOS
160570,JERÔNIMO GOERGEN,PP,RS,DEP.JERONIMOGOERGEN@CAMARA.LEG.BR,SUPERIOR,1976-01-20,M,RS,PALMEIRA DAS MISSÕES
178839,JÉSSICA SALES,MDB,AC,DEP.JESSICASALES@CAMARA.LEG.BR,SUPERIOR,1980-11-28,F,AC,CRUZEIRO DO SUL
204435,JESUS SÉRGIO,PDT,AC,DEP.JESUSSERGIO@CAMARA.LEG.BR,PÓS-GRADUAÇÃO,1973-06-10,M,AC,TARAUACÁ
178842,JHC,PSB,AL,DEP.JHC@CAMARA.LEG.BR,SUPERIOR,1987-07-22,M,AL,MACEIÓ
160531,JHONATAN DE JESUS,REPUBLICANOS,RR,DEP.JHONATANDEJESUS@CAMARA.LEG.BR,SUPERIOR,1983-09-03,M,RR,BOA VISTA
74366,JOÃO CAMPOS,REPUBLICANOS,GO,DEP.JOAOCAMPOS@CAMARA.LEG.BR,PÓS-GRADUAÇÃO,1962-12-28,M,TO,PEIXE
141458,JOÃO CARLOS BACELAR,PL,BA,DEP.JOAOCARLOSBACELAR@CAMARA.LEG.BR,PÓS-GRADUAÇÃO,1972-10-08,M,BA,SALVADOR
178970,JOÃO DANIEL,PT,SE,DEP.JOAODANIEL@CAMARA.LEG.BR,ENSINO MÉDIO,1967-08-22,M,SC,SÃO LOURENÇO D'OESTE
204429,JOÃO H. CAMPOS,PSB,PE,DEP.JOAOHCAMPOS@CAMARA.LEG.BR,SUPERIOR,1993-11-26,M,PE,RECIFE
141459,JOÃO MAIA,PL,RN,DEP.JOAOMAIA@CAMARA.LEG.BR,SUPERIOR,1953-09-20,M,PB,BREJO DO CRUZ
112437,JOÃO MARCELO SOUZA,MDB,MA,DEP.JOAOMARCELOSOUZA@CAMARA.LEG.BR,SUPERIOR,1973-11-11,M,MA,SÃO LUÍS
204576,JOÃO ROMA,REPUBLICANOS,BA,DEP.JOAOROMA@CAMARA.LEG.BR,SUPERIOR,1972-11-17,M,PE,RECIFE
178910,JOAQUIM PASSARINHO,PSD,PA,DEP.JOAQUIMPASSARINHO@CAMARA.LEG.BR,SUPERIOR,1961-12-02,M,PA,BELÉM
204468,JOENIA WAPICHANA,REDE,RR,DEP.JOENIAWAPICHANA@CAMARA.LEG.BR,MESTRADO,1973-04-20,F,RR,BOA VISTA
204546,JOICE HASSELMANN,PSL,SP,DEP.JOICEHASSELMANN@CAMARA.LEG.BR,SUPERIOR,1978-01-29,F,PR,PONTA GROSSA
205550,JORGE BRAZ,REPUBLICANOS,RJ,DEP.JORGEBRAZ@CAMARA.LEG.BR,NONE,1953-07-13,M,MG,PALMA
178857,JORGE SOLLA,PT,BA,DEP.JORGESOLLA@CAMARA.LEG.BR,DOUTORADO,1961-04-11,M,BA,SALVADOR
141464,JOSÉ AIRTON FÉLIX CIRILO,PT,CE,DEP.JOSEAIRTONFELIXCIRILO@CAMARA.LEG.BR,MESTRADO,1957-02-21,M,CE,ARACATI
141470,JOSÉ GUIMARÃES,PT,CE,DEP.JOSEGUIMARAES@CAMARA.LEG.BR,SUPERIOR,1957-02-13,M,CE,QUIXERAMOBIM
204386,JOSE MARIO SCHREINER,DEM,GO,DEP.JOSEMARIOSCHREINER@CAMARA.LEG.BR,ENSINO TÉCNICO,1961-02-08,M,SC,PORTO UNIÃO
204472,JOSÉ MEDEIROS,PODE,MT,DEP.JOSEMEDEIROS@CAMARA.LEG.BR,SUPERIOR,1970-03-19,M,RN,CAICÓ
204391,JOSÉ NELTO,PODE,GO,DEP.JOSENELTO@CAMARA.LEG.BR,SUPERIOR,1960-09-19,M,MG,TIROS
160619,JOSÉ NUNES,PSD,BA,DEP.JOSENUNES@CAMARA.LEG.BR,SUPERIOR,1950-12-18,M,PE,BELÉM DE SÃO FRANCISCO
74079,JOSÉ PRIANTE,MDB,PA,DEP.JOSEPRIANTE@CAMARA.LEG.BR,SUPERIOR,1963-12-02,M,PA,BELÉM
204555,JOSÉ RICARDO,PT,AM,DEP.JOSERICARDO@CAMARA.LEG.BR,PÓS-GRADUAÇÃO,1964-06-23,M,RS,MONTENEGRO
74554,JOSÉ ROCHA,PL,BA,DEP.JOSEROCHA@CAMARA.LEG.BR,PÓS-GRADUAÇÃO,1948-08-18,M,BA,CORIBE
209189,JOSEILDO RAMOS,PT,BA,DEP.JOSEILDORAMOS@CAMARA.LEG.BR,SUPERIOR,1957-08-23,M,BA,ALAGOINHAS
204474,JUAREZ COSTA,MDB,MT,DEP.JUAREZCOSTA@CAMARA.LEG.BR,NONE,1960-01-20,M,PR,LONDRINA
204420,JULIAN LEMOS,PSL,PB,DEP.JULIANLEMOS@CAMARA.LEG.BR,SUPERIOR,1976-01-05,M,PB,CAMPINA GRANDE
74317,JÚLIO CESAR,PSD,PI,DEP.JULIOCESAR@CAMARA.LEG.BR,SUPERIOR,1948-08-25,M,PI,GUADALUPE
204372,JULIO CESAR RIBEIRO,REPUBLICANOS,DF,DEP.JULIOCESARRIBEIRO@CAMARA.LEG.BR,SUPERIOR,1975-02-24,M,SP,SÃO BERNARDO DO CAMPO
73586,JÚLIO DELGADO,PSB,MG,DEP.JULIODELGADO@CAMARA.LEG.BR,PÓS-GRADUAÇÃO,1966-11-18,M,MG,JUIZ DE FORA
204457,JUNINHO DO PNEU,DEM,RJ,DEP.JUNINHODOPNEU@CAMARA.LEG.BR,SUPERIOR INCOMPLETO,1976-10-23,M,RJ,NOVA IGUAÇU
204520,JUNIO AMARAL,PSL,MG,DEP.JUNIOAMARAL@CAMARA.LEG.BR,SUPERIOR INCOMPLETO,1987-06-30,M,MG,BELO HORIZONTE
204502,JÚNIOR BOZZELLA,PSL,SP,DEP.JUNIORBOZZELLA@CAMARA.LEG.BR,SUPERIOR,1980-08-17,M,SP,SANTOS
204497,JÚNIOR FERRARI,PSD,PA,DEP.JUNIORFERRARI@CAMARA.LEG.BR,SUPERIOR,1967-07-13,M,PA,ORIXIMINÁ
204574,JUNIOR LOURENÇO,PL,MA,DEP.JUNIORLOURENCO@CAMARA.LEG.BR,SUPERIOR,1978-10-18,M,MA,SÃO LUÍS
204550,JÚNIOR MANO,PL,CE,DEP.JUNIORMANO@CAMARA.LEG.BR,SUPERIOR,1985-04-16,M,CE,NOVA RUSSAS
178886,JUSCELINO FILHO,DEM,MA,DEP.JUSCELINOFILHO@CAMARA.LEG.BR,SUPERIOR,1984-11-06,M,MA,SÃO LUÍS
204536,KIM KATAGUIRI,DEM,SP,DEP.KIMKATAGUIRI@CAMARA.LEG.BR,SUPERIOR INCOMPLETO,1996-01-28,M,SP,SALTO
151208,LAERCIO OLIVEIRA,PP,SE,DEP.LAERCIOOLIVEIRA@CAMARA.LEG.BR,PÓS-GRADUAÇÃO,1959-04-15,M,PE,RECIFE
98057,LAFAYETTE DE ANDRADA,REPUBLICANOS,MG,DEP.LAFAYETTEDEANDRADA@CAMARA.LEG.BR,DOUTORADO INCOMPLETO,1966-10-17,M,MG,BELO HORIZONTE
160534,LAURIETE,PL,ES,DEP.LAURIETE@CAMARA.LEG.BR,ENSINO MÉDIO,1970-02-23,F,ES,VILA VELHA
178832,LEANDRE,PV,PR,DEP.LEANDRE@CAMARA.LEG.BR,SUPERIOR,1975-12-20,F,PR,PATO BRANCO
204375,LEDA SADALA,AVANTE,AP,DEP.LEDASADALA@CAMARA.LEG.BR,SUPERIOR,1966-06-11,F,PA,ALMEIRIM
204359,LÉO MORAES,PODE,RO,DEP.LEOMORAES@CAMARA.LEG.BR,MESTRADO INCOMPLETO,1984-01-11,M,PR,FOZ DO IGUAÇU
204547,LÉO MOTTA,PSL,MG,DEP.LEOMOTTA@CAMARA.LEG.BR,SUPERIOR INCOMPLETO,1973-10-26,M,MG,CONTAGEM
74156,LEONARDO MONTEIRO,PT,MG,DEP.LEONARDOMONTEIRO@CAMARA.LEG.BR,SUPERIOR,1951-10-09,M,MG,GOVERNADOR VALADARES
74299,LEÔNIDAS CRISTINO,PDT,CE,DEP.LEONIDASCRISTINO@CAMARA.LEG.BR,SUPERIOR,1957-06-03,M,CE,COREAÚ
92102,LEUR LOMANTO JÚNIOR,DEM,BA,DEP.LEURLOMANTOJUNIOR@CAMARA.LEG.BR,SUPERIOR,1976-10-28,M,BA,SALVADOR
139285,LÍDICE DA MATA,PSB,BA,DEP.LIDICEDAMATA@CAMARA.LEG.BR,SUPERIOR,1956-03-12,F,BA,CACHOEIRA
74585,LINCOLN PORTELA,PL,MG,DEP.LINCOLNPORTELA@CAMARA.LEG.BR,SUPERIOR,1953-11-03,M,MG,BELO HORIZONTE
204405,LIZIANE BAYER,PSB,RS,DEP.LIZIANEBAYER@CAMARA.LEG.BR,SUPERIOR INCOMPLETO,1981-01-24,F,RS,SÃO PEDRO DO SUL
204382,LOESTER TRUTIS,PSL,MS,DEP.LOESTERTRUTIS@CAMARA.LEG.BR,SUPERIOR,1982-09-21,M,MS,CAMPO GRANDE
196358,LOURIVAL GOMES,PSL,RJ,DEP.LOURIVALGOMES@CAMARA.LEG.BR,ENSINO FUNDAMENTAL,1955-07-22,M,RJ,RIO DE JANEIRO
204523,LUCAS GONZALEZ,NOVO,MG,DEP.LUCASGONZALEZ@CAMARA.LEG.BR,PÓS-GRADUAÇÃO,1988-12-21,M,MG,BELO HORIZONTE
204404,LUCAS REDECKER,PSDB,RS,DEP.LUCASREDECKER@CAMARA.LEG.BR,SUPERIOR INCOMPLETO,1981-05-26,M,RS,NOVO HAMBURGO
178879,LUCAS VERGILIO,SOLIDARIEDADE,GO,DEP.LUCASVERGILIO@CAMARA.LEG.BR,SUPERIOR,1987-04-08,M,GO,GOIÂNIA
74478,LUCIANO BIVAR,PSL,PE,DEP.LUCIANOBIVAR@CAMARA.LEG.BR,SUPERIOR,1944-11-29,M,PE,RECIFE
178931,LUCIANO DUCCI,PSB,PR,DEP.LUCIANODUCCI@CAMARA.LEG.BR,SUPERIOR,1955-03-23,M,PR,CURITIBA
178954,LUCIO MOSQUINI,MDB,RO,DEP.LUCIOMOSQUINI@CAMARA.LEG.BR,PÓS-GRADUAÇÃO,1969-07-23,M,MT,RONDONÓPOLIS
204381,LUIS MIRANDA,DEM,DF,DEP.LUISMIRANDA@CAMARA.LEG.BR,ENSINO MÉDIO,1980-03-27,M,DF,BRASÍLIA
160510,LUIS TIBÉ,AVANTE,MG,DEP.LUISTIBE@CAMARA.LEG.BR,SUPERIOR INCOMPLETO,1971-07-23,M,MG,BELO HORIZONTE
204410,LUISA CANZIANI,PTB,PR,DEP.LUISACANZIANI@CAMARA.LEG.BR,SUPERIOR INCOMPLETO,1996-04-11,F,PR,LONDRINA
204448,LUIZ ANTÔNIO CORRÊA,PL,RJ,DEP.LUIZANTONIOCORREA@CAMARA.LEG.BR,SUPERIOR,1940-12-27,M,RJ,RIO DE JANEIRO
160645,LUIZ CARLOS,PSDB,AP,DEP.LUIZCARLOS@CAMARA.LEG.BR,PÓS-GRADUAÇÃO,1979-08-16,M,AP,AMAPÁ
204485,LUIZ CARLOS MOTTA,PL,SP,DEP.LUIZCARLOSMOTTA@CAMARA.LEG.BR,SUPERIOR,1959-04-24,M,SP,RIBEIRÃO PRETO
204455,LUIZ LIMA,PSL,RJ,DEP.LUIZLIMA@CAMARA.LEG.BR,SUPERIOR,1977-12-10,M,RJ,RIO DE JANEIRO
162332,LUIZ NISHIMORI,PL,PR,DEP.LUIZNISHIMORI@CAMARA.LEG.BR,SUPERIOR,1949-04-09,M,PR,MARIALVA
204526,LUIZ PHILIPPE DE ORLEANS E BRAGANÇA,PSL,SP,DEP.LUIZPHILIPPEDEORLEANSEBRAGANCA@CAMARA.LEG.BR,MESTRADO,1969-04-03,M,RJ,RIO DE JANEIRO
74784,LUIZA ERUNDINA,PSOL,SP,DEP.LUIZAERUNDINA@CAMARA.LEG.BR,MESTRADO,1934-11-30,F,PB,UIRAÚNA
204418,LUIZÃO GOULART,REPUBLICANOS,PR,DEP.LUIZAOGOULART@CAMARA.LEG.BR,SUPERIOR,1962-06-06,M,PR,JANDAIA DO SUL
178866,LUIZIANNE LINS,PT,CE,DEP.LUIZIANNELINS@CAMARA.LEG.BR,MESTRADO INCOMPLETO,1968-11-18,F,CE,FORTALEZA
166402,MAGDA MOFATTO,PL,GO,DEP.MAGDAMOFATTO@CAMARA.LEG.BR,NONE,1948-10-26,F,SP,LIMEIRA
204458,MAJOR FABIANA,PSL,RJ,DEP.MAJORFABIANA@CAMARA.LEG.BR,SUPERIOR,1980-01-09,F,RJ,RIO DE JANEIRO
204469,MANUEL MARCOS,REPUBLICANOS,AC,DEP.MANUELMARCOS@CAMARA.LEG.BR,ENSINO MÉDIO,1972-05-07,M,CE,TIANGUÁ
204471,MARA ROCHA,PSDB,AC,DEP.MARAROCHA@CAMARA.LEG.BR,SUPERIOR,1973-09-04,F,AC,RIO BRANCO
212749,MARCÃO GOMES,PL,RJ,DEP.MARCAOGOMES@CAMARA.LEG.BR,NONE,1974-09-10,M,RJ,RIO DE JANEIRO
156190,MARCEL VAN HATTEM,NOVO,RS,DEP.MARCELVANHATTEM@CAMARA.LEG.BR,MESTRADO,1985-11-08,M,RS,SÃO LEOPOLDO
146788,MARCELO ARO,PP,MG,DEP.MARCELOARO@CAMARA.LEG.BR,SUPERIOR,1987-06-12,M,MG,BELO HORIZONTE
205863,MARCELO BRUM,PSL,RS,DEP.MARCELOBRUM@CAMARA.LEG.BR,NONE,1972-11-25,M,RS,SANTIAGO
204433,MARCELO CALERO,CIDADANIA,RJ,DEP.MARCELOCALERO@CAMARA.LEG.BR,MESTRADO,1982-07-07,M,RJ,RIO DE JANEIRO
76874,MARCELO FREIXO,PSOL,RJ,DEP.MARCELOFREIXO@CAMARA.LEG.BR,SUPERIOR,1967-04-12,M,RJ,NITERÓI
133810,MARCELO MORAES,PTB,RS,DEP.MARCELOMORAES@CAMARA.LEG.BR,SUPERIOR INCOMPLETO,1979-08-07,M,RS,PORTO ALEGRE
204558,MARCELO NILO,PSB,BA,DEP.MARCELONILO@CAMARA.LEG.BR,SUPERIOR,1955-04-26,M,BA,ANTAS
204556,MARCELO RAMOS,PL,AM,DEP.MARCELORAMOS@CAMARA.LEG.BR,SUPERIOR,1973-08-29,M,AM,MANAUS
178983,MARCIO ALVINO,PL,SP,DEP.MARCIOALVINO@CAMARA.LEG.BR,SUPERIOR,1969-06-14,M,SP,SÃO PAULO
179001,MÁRCIO BIOLCHI,MDB,RS,DEP.MARCIOBIOLCHI@CAMARA.LEG.BR,SUPERIOR,1979-05-23,M,RS,CARAZINHO
81055,MÁRCIO JERRY,PCdoB,MA,DEP.MARCIOJERRY@CAMARA.LEG.BR,SUPERIOR,1966-11-14,M,MA,COLINAS
204452,MÁRCIO LABRE,PSL,RJ,DEP.MARCIOLABRE@CAMARA.LEG.BR,ENSINO TÉCNICO,1974-02-27,M,RJ,RIO DE JANEIRO
150418,MÁRCIO MARINHO,REPUBLICANOS,BA,DEP.MARCIOMARINHO@CAMARA.LEG.BR,SUPERIOR,1970-12-12,M,RJ,CABO FRIO
204522,MARCO BERTAIOLLI,PSD,SP,DEP.MARCOBERTAIOLLI@CAMARA.LEG.BR,PÓS-GRADUAÇÃO,1968-04-30,M,SP,MOGI DAS CRUZES
160535,MARCON,PT,RS,DEP.MARCON@CAMARA.LEG.BR,PRIMÁRIO INCOMPLETO,1964-09-21,M,RS,RONDA ALTA
204431,MARCOS AURÉLIO SAMPAIO,MDB,PI,DEP.MARCOSAURELIOSAMPAIO@CAMARA.LEG.BR,SUPERIOR,1991-09-19,M,PI,TERESINA
204506,MARCOS PEREIRA,REPUBLICANOS,SP,DEP.MARCOSPEREIRA@CAMARA.LEG.BR,PÓS-GRADUAÇÃO,1972-04-04,M,ES,LINHARES
204430,MARGARETE COELHO,PP,PI,DEP.MARGARETECOELHO@CAMARA.LEG.BR,DOUTORADO INCOMPLETO,1961-03-12,F,PI,SÃO RAIMUNDO NONATO
171619,MARGARIDA SALOMÃO,PT,MG,DEP.MARGARIDASALOMAO@CAMARA.LEG.BR,DOUTORADO,1950-06-10,F,MG,JUIZ DE FORA
74398,MARIA DO ROSÁRIO,PT,RS,DEP.MARIADOROSARIO@CAMARA.LEG.BR,PÓS-GRADUAÇÃO,1966-11-22,F,RS,VERANÓPOLIS
204540,MARIA ROSAS,REPUBLICANOS,SP,DEP.MARIAROSAS@CAMARA.LEG.BR,SUPERIOR,1965-10-01,F,RJ,ANGRA DOS REIS
178956,MARIANA CARVALHO,PSDB,RO,DEP.MARIANACARVALHO@CAMARA.LEG.BR,SUPERIOR,1986-11-26,F,SP,SÃO PAULO
204428,MARÍLIA ARRAES,PT,PE,DEP.MARILIAARRAES@CAMARA.LEG.BR,SUPERIOR,1984-04-12,F,PE,RECIFE
204432,MARINA SANTOS,SOLIDARIEDADE,PI,DEP.MARINASANTOS@CAMARA.LEG.BR,SUPERIOR,1980-09-13,F,PI,PICOS
74158,MÁRIO HERINGER,PDT,MG,DEP.MARIOHERINGER@CAMARA.LEG.BR,SUPERIOR,1954-09-30,M,MG,MANHUMIRIM
178858,MÁRIO NEGROMONTE JR.,PP,BA,DEP.MARIONEGROMONTEJR@CAMARA.LEG.BR,SUPERIOR,1980-08-31,M,BA,PAULO AFONSO
204403,MARLON SANTOS,PDT,RS,DEP.MARLONSANTOS@CAMARA.LEG.BR,PÓS-GRADUAÇÃO,1975-09-25,M,RS,CACHOEIRA DO SUL
204566,MARRECA FILHO,PATRIOTA,MA,DEP.MARRECAFILHO@CAMARA.LEG.BR,SUPERIOR INCOMPLETO,1992-04-25,M,MA,SÃO LUÍS
178843,MARX BELTRÃO,PSD,AL,DEP.MARXBELTRAO@CAMARA.LEG.BR,SUPERIOR,1979-11-28,M,AL,MACEIÓ
75431,MAURÍCIO DZIEDRICKI,PTB,RS,DEP.MAURICIODZIEDRICKI@CAMARA.LEG.BR,SUPERIOR,1979-07-26,M,PR,CURITIBA
204486,MAURO BENEVIDES FILHO,PDT,CE,DEP.MAUROBENEVIDESFILHO@CAMARA.LEG.BR,DOUTORADO,1959-03-09,M,CE,FORTALEZA
74749,MAURO LOPES,MDB,MG,DEP.MAUROLOPES@CAMARA.LEG.BR,SUPERIOR,1936-05-24,M,MG,ENTRE FOLHAS
141508,MAURO NAZIF,PSB,RO,DEP.MAURONAZIF@CAMARA.LEG.BR,SUPERIOR,1959-01-30,M,RJ,BARRA DO PIRAÍ
178985,MIGUEL LOMBARDI,PL,SP,DEP.MIGUELLOMBARDI@CAMARA.LEG.BR,SUPERIOR,1964-01-29,M,SP,LIMEIRA
154178,MILTON VIEIRA,REPUBLICANOS,SP,DEP.MILTONVIEIRA@CAMARA.LEG.BR,SUPERIOR INCOMPLETO,1962-09-16,M,SP,IEPÊ
178895,MISAEL VARELLA,PSD,MG,DEP.MISAELVARELLA@CAMARA.LEG.BR,PÓS-GRADUAÇÃO,1959-11-27,M,MG,MURIAÉ
178997,MOSES RODRIGUES,MDB,CE,DEP.MOSESRODRIGUES@CAMARA.LEG.BR,DOUTORADO,1978-06-06,M,CE,SOBRAL
204453,NATÁLIA BONAVIDES,PT,RN,DEP.NATALIABONAVIDES@CAMARA.LEG.BR,MESTRADO,1988-06-15,F,RN,NATAL
204449,NELSON BARBUDO,PSL,MT,DEP.NELSONBARBUDO@CAMARA.LEG.BR,ENSINO MÉDIO,1960-02-14,M,SP,POLONI
204415,NEREU CRISPIM,PSL,RS,DEP.NEREUCRISPIM@CAMARA.LEG.BR,SUPERIOR,1963-07-21,M,RS,PORTO ALEGRE
146307,NERI GELLER,PP,MT,DEP.NERIGELLER@CAMARA.LEG.BR,SECUNDÁRIO,1968-11-07,M,RS,SELBACH
178896,NEWTON CARDOSO JR,MDB,MG,DEP.NEWTONCARDOSOJR@CAMARA.LEG.BR,PÓS-GRADUAÇÃO,1979-11-11,M,MG,BELO HORIZONTE
204479,NICOLETTI,PSL,RR,DEP.NICOLETTI@CAMARA.LEG.BR,SUPERIOR,1981-07-21,M,RS,IJUÍ
74352,NILSON PINTO,PSDB,PA,DEP.NILSONPINTO@CAMARA.LEG.BR,DOUTORADO,1952-03-25,M,PA,BELÉM
178986,NILTO TATTO,PT,SP,DEP.NILTOTATTO@CAMARA.LEG.BR,SUPERIOR,1963-07-31,M,RS,FREDERICO WESTPHALEN
194260,NIVALDO ALBUQUERQUE,PTB,AL,DEP.NIVALDOALBUQUERQUE@CAMARA.LEG.BR,SUPERIOR INCOMPLETO,1988-01-07,M,AL,MACEIÓ
66179,NORMA AYUB,DEM,ES,DEP.NORMAAYUB@CAMARA.LEG.BR,SUPERIOR,1959-09-07,F,ES,VITÓRIA
74159,ODAIR CUNHA,PT,MG,DEP.ODAIRCUNHA@CAMARA.LEG.BR,SUPERIOR,1976-06-18,M,SP,PIEDADE
204498,OLIVAL MARQUES,DEM,PA,DEP.OLIVALMARQUES@CAMARA.LEG.BR,SUPERIOR,1982-01-09,M,PA,ANANINDEUA
178987,ORLANDO SILVA,PCdoB,SP,DEP.ORLANDOSILVA@CAMARA.LEG.BR,SUPERIOR INCOMPLETO,1971-05-27,M,BA,SALVADOR
204363,OSIRES DAMASO,PSC,TO,DEP.OSIRESDAMASO@CAMARA.LEG.BR,ENSINO MÉDIO,1963-04-16,M,GO,CAMPINORTE
73692,OSMAR TERRA,MDB,RS,DEP.OSMARTERRA@CAMARA.LEG.BR,PÓS-GRADUAÇÃO,1950-02-18,M,RS,PORTO ALEGRE
204422,OSSESIO SILVA,REPUBLICANOS,PE,DEP.OSSESIOSILVA@CAMARA.LEG.BR,SUPERIOR INCOMPLETO,1954-12-09,M,RJ,RIO DE JANEIRO
204441,OTONI DE PAULA,PSC,RJ,DEP.OTONIDEPAULA@CAMARA.LEG.BR,SUPERIOR INCOMPLETO,1976-11-22,M,RJ,RIO DE JANEIRO
204475,OTTACI NASCIMENTO,SOLIDARIEDADE,RR,DEP.OTTACINASCIMENTO@CAMARA.LEG.BR,ENSINO MÉDIO,1977-08-18,M,AM,EIRUNEPÉ
204573,OTTO ALENCAR FILHO,PSD,BA,DEP.OTTOALENCARFILHO@CAMARA.LEG.BR,PÓS-GRADUAÇÃO,1977-07-07,M,BA,SALVADOR
160556,PADRE JOÃO,PT,MG,DEP.PADREJOAO@CAMARA.LEG.BR,SUPERIOR,1967-02-28,M,MG,URUCÂNIA
74319,PAES LANDIM,PTB,PI,DEP.PAESLANDIM@CAMARA.LEG.BR,PÓS-GRADUAÇÃO,1937-03-23,M,PI,SÃO JOÃO DO PIAUÍ
160642,PASTOR EURICO,PATRIOTA,PE,DEP.PASTOREURICO@CAMARA.LEG.BR,SUPERIOR INCOMPLETO,1962-09-12,M,SP,PRESIDENTE PRUDENTE
204553,PASTOR SARGENTO ISIDÓRIO,AVANTE,BA,DEP.PASTORSARGENTOISIDORIO@CAMARA.LEG.BR,SUPERIOR INCOMPLETO,1962-07-28,M,BA,SALVADOR
205535,PATRICIA FERRAZ,PODE,AP,DEP.PATRICIAFERRAZ@CAMARA.LEG.BR,SUPERIOR,1980-01-09,F,MG,BELO HORIZONTE
74160,PATRUS ANANIAS,PT,MG,DEP.PATRUSANANIAS@CAMARA.LEG.BR,MESTRADO,1952-01-26,M,MG,BOCAIÚVA
204377,PAULA BELMONTE,CIDADANIA,DF,DEP.PAULABELMONTE@CAMARA.LEG.BR,SUPERIOR,1973-06-23,F,SP,SAO PAULO
171617,PAULÃO,PT,AL,DEP.PAULAO@CAMARA.LEG.BR,PÓS-GRADUAÇÃO,1957-09-15,M,AL,MACEIÓ
141516,PAULO ABI-ACKEL,PSDB,MG,DEP.PAULOABIACKEL@CAMARA.LEG.BR,MESTRADO,1963-06-21,M,MG,BELO HORIZONTE
178860,PAULO AZI,DEM,BA,DEP.PAULOAZI@CAMARA.LEG.BR,SUPERIOR,1963-01-14,M,BA,SALVADOR
204538,PAULO BENGTSON,PTB,PA,DEP.PAULOBENGTSON@CAMARA.LEG.BR,SUPERIOR,1974-01-06,M,BA,VITÓRIA DA CONQUISTA
193726,PAULO EDUARDO MARTINS,PSC,PR,DEP.PAULOEDUARDOMARTINS@CAMARA.LEG.BR,SUPERIOR,1981-04-20,M,SP,PRESIDENTE VENCESLAU
160558,PAULO FREIRE COSTA,PL,SP,DEP.PAULOFREIRECOSTA@CAMARA.LEG.BR,SUPERIOR,1955-02-14,M,SP,SÃO PAULO
204461,PAULO GANIME,NOVO,RJ,DEP.PAULOGANIME@CAMARA.LEG.BR,PÓS-GRADUAÇÃO,1983-04-19,M,RJ,RIO DE JANEIRO
204492,PAULO GUEDES,PT,MG,DEP.PAULOGUEDES@CAMARA.LEG.BR,SUPERIOR INCOMPLETO,1970-10-01,M,MG,MANGA
74574,PAULO MAGALHÃES,PSD,BA,DEP.PAULOMAGALHAES@CAMARA.LEG.BR,NONE,1952-11-28,M,BA,SALVADOR
128760,PAULO MARINHO JR,PL,MA,DEP.PAULOMARINHOJR@CAMARA.LEG.BR,NONE,1985-02-09,M,MA,CAXIAS
141518,PAULO PEREIRA DA SILVA,SOLIDARIEDADE,SP,DEP.PAULOPEREIRADASILVA@CAMARA.LEG.BR,NONE,1956-02-24,M,PR,PORECATU
74400,PAULO PIMENTA,PT,RS,DEP.PAULOPIMENTA@CAMARA.LEG.BR,SUPERIOR,1965-03-19,M,RS,SANTA MARIA
133968,PAULO RAMOS,PDT,RJ,DEP.PAULORAMOS@CAMARA.LEG.BR,SUPERIOR,1944-10-18,M,RJ,RIO DE JANEIRO
141488,PAULO TEIXEIRA,PT,SP,DEP.PAULOTEIXEIRA@CAMARA.LEG.BR,MESTRADO,1961-05-06,M,SP,ÁGUAS DA PRATA
90201,PEDRO AUGUSTO BEZERRA,PTB,CE,DEP.PEDROAUGUSTOBEZERRA@CAMARA.LEG.BR,PÓS-GRADUAÇÃO,1980-10-11,M,CE,JUAZEIRO DO NORTE
178912,PEDRO CUNHA LIMA,PSDB,PB,DEP.PEDROCUNHALIMA@CAMARA.LEG.BR,MESTRADO,1988-08-15,M,PB,CAMPINA GRANDE
122974,PEDRO LUCAS FERNANDES,PTB,MA,DEP.PEDROLUCASFERNANDES@CAMARA.LEG.BR,SUPERIOR,1979-11-01,M,MA,SÃO LUÍS
204395,PEDRO LUPION,DEM,PR,DEP.PEDROLUPION@CAMARA.LEG.BR,MESTRADO,1983-06-04,M,PR,CURITIBA
122158,PEDRO PAULO,DEM,RJ,DEP.PEDROPAULO@CAMARA.LEG.BR,MESTRADO,1972-06-29,M,RJ,RIO DE JANEIRO
160604,PEDRO UCZAI,PT,SC,DEP.PEDROUCZAI@CAMARA.LEG.BR,MESTRADO,1963-03-10,M,SC,DESCANSO
204406,PEDRO WESTPHALEN,PP,RS,DEP.PEDROWESTPHALEN@CAMARA.LEG.BR,SUPERIOR,1950-12-19,M,RS,CRUZ ALTA
73943,PERPÉTUA ALMEIDA,PCdoB,AC,DEP.PERPETUAALMEIDA@CAMARA.LEG.BR,SUPERIOR INCOMPLETO,1964-12-28,F,AC,PORTO WALTER
204524,PINHEIRINHO,PP,MG,DEP.PINHEIRINHO@CAMARA.LEG.BR,SUPERIOR,1991-05-30,M,MG,BELO HORIZONTE
204529,POLICIAL KATIA SASTRE,PL,SP,DEP.POLICIALKATIASASTRE@CAMARA.LEG.BR,PÓS-GRADUAÇÃO,1976-04-04,F,SP,SÃO PAULO
73486,POMPEO DE MATTOS,PDT,RS,DEP.POMPEODEMATTOS@CAMARA.LEG.BR,SUPERIOR,1958-07-12,M,RS,SANTO AUGUSTO
160601,PR. MARCO FELICIANO,REPUBLICANOS,SP,DEP.PR.MARCOFELICIANO@CAMARA.LEG.BR,NONE,1972-10-12,M,SP,ORLÂNDIA
204390,PROFESSOR ALCIDES,PP,GO,DEP.PROFESSORALCIDES@CAMARA.LEG.BR,MESTRADO,1953-10-25,M,BA,REMANSO
204383,PROFESSOR ISRAEL BATISTA,PV,DF,DEP.PROFESSORISRAELBATISTA@CAMARA.LEG.BR,SUPERIOR,1982-05-02,M,DF,BRASÍLIA
204446,PROFESSOR JOZIEL,PSL,RJ,DEP.PROFESSORJOZIEL@CAMARA.LEG.BR,PÓS-GRADUAÇÃO,1966-04-22,M,RJ,DUQUE DE CAXIAS
204565,PROFESSORA DAYANE PIMENTEL,PSL,BA,DEP.PROFESSORADAYANEPIMENTEL@CAMARA.LEG.BR,PÓS-GRADUAÇÃO,1986-01-30,F,BA,FEIRA DE SANTANA
160639,PROFESSORA DORINHA SEABRA REZENDE,DEM,TO,DEP.PROFESSORADORINHASEABRAREZENDE@CAMARA.LEG.BR,MESTRADO,1964-10-01,F,GO,GOIÂNIA
160641,PROFESSORA MARCIVANIA,PCdoB,AP,DEP.PROFESSORAMARCIVANIA@CAMARA.LEG.BR,SUPERIOR,1973-06-21,F,AP,MACAPÁ
204467,PROFESSORA ROSA NEIDE,PT,MT,DEP.PROFESSORAROSANEIDE@CAMARA.LEG.BR,MESTRADO,1963-08-08,F,BA,AMARGOSA
178951,RAFAEL MOTTA,PSB,RN,DEP.RAFAELMOTTA@CAMARA.LEG.BR,SUPERIOR,1986-08-15,M,RN,NATAL
204567,RAIMUNDO COSTA,PL,BA,DEP.RAIMUNDOCOSTA@CAMARA.LEG.BR,SUPERIOR,1961-03-09,M,BA,VALENÇA
141523,RAUL HENRY,MDB,PE,DEP.RAULHENRY@CAMARA.LEG.BR,MESTRADO,1964-06-06,M,PE,RECIFE
74161,REGINALDO LOPES,PT,MG,DEP.REGINALDOLOPES@CAMARA.LEG.BR,SUPERIOR,1973-04-02,M,MG,BOM SUCESSO
205865,REINHOLD STEPHANES JUNIOR,PSD,PR,DEP.REINHOLDSTEPHANESJUNIOR@CAMARA.LEG.BR,SUPERIOR,1965-07-26,M,PR,CURITIBA
178925,REJANE DIAS,PT,PI,DEP.REJANEDIAS@CAMARA.LEG.BR,SUPERIOR,1972-09-04,F,PI,TERESINA
73801,RENILDO CALHEIROS,PCdoB,PE,DEP.RENILDOCALHEIROS@CAMARA.LEG.BR,SUPERIOR,1959-04-20,M,AL,MURICI
73788,RICARDO BARROS,PP,PR,DEP.RICARDOBARROS@CAMARA.LEG.BR,SUPERIOR,1959-11-15,M,PR,MARINGÁ
204362,RICARDO GUIDI,PSD,SC,DEP.RICARDOGUIDI@CAMARA.LEG.BR,PÓS-GRADUAÇÃO,1977-09-28,M,SC,CRICIÚMA
160655,RICARDO IZAR,PP,SP,DEP.RICARDOIZAR@CAMARA.LEG.BR,SUPERIOR,1968-08-01,M,SP,SÃO PAULO
213274,RICARDO SILVA,PSB,SP,DEP.RICARDOSILVA@CAMARA.LEG.BR,SUPERIOR,1985-09-01,M,SP,RIBEIRÃO PRETO
178920,RICARDO TEOBALDO,PODE,PE,DEP.RICARDOTEOBALDO@CAMARA.LEG.BR,ENSINO MÉDIO,1965-10-18,M,PE,LIMOEIRO
204489,ROBÉRIO MONTEIRO,PDT,CE,DEP.ROBERIOMONTEIRO@CAMARA.LEG.BR,ENSINO FUNDAMENTAL,1970-02-15,M,CE,ITAREMA
152610,ROBERTO ALVES,REPUBLICANOS,SP,DEP.ROBERTOALVES@CAMARA.LEG.BR,SUPERIOR,1960-05-27,M,SP,TAUBATÉ
160653,ROBERTO DE LUCENA,PODE,SP,DEP.ROBERTODELUCENA@CAMARA.LEG.BR,SUPERIOR,1966-04-18,M,SP,SANTA ISABEL
74305,ROBERTO PESSOA,PSDB,CE,DEP.ROBERTOPESSOA@CAMARA.LEG.BR,SUPERIOR,1943-05-21,M,CE,FORTALEZA
204530,RODRIGO AGOSTINHO,PSB,SP,DEP.RODRIGOAGOSTINHO@CAMARA.LEG.BR,MESTRADO,1977-12-12,M,SP,CAFELÂNDIA
204366,RODRIGO COELHO,PSB,SC,DEP.RODRIGOCOELHO@CAMARA.LEG.BR,PÓS-GRADUAÇÃO,1980-06-29,M,SC,JOINVILLE
141531,RODRIGO DE CASTRO,PSDB,MG,DEP.RODRIGODECASTRO@CAMARA.LEG.BR,MESTRADO,1971-07-15,M,MG,VIÇOSA
74693,RODRIGO MAIA,DEM,RJ,DEP.RODRIGOMAIA@CAMARA.LEG.BR,SUPERIOR INCOMPLETO,1970-06-12,M,,SANTIAGO
204480,ROGÉRIO CORREIA,PT,MG,DEP.ROGERIOCORREIA@CAMARA.LEG.BR,SUPERIOR,1958-01-11,M,MG,BELO HORIZONTE
160651,ROGÉRIO PENINHA MENDONÇA,MDB,SC,DEP.ROGERIOPENINHAMENDONCA@CAMARA.LEG.BR,SUPERIOR,1953-01-27,M,SC,NOVA TRENTO
178930,ROMAN,PATRIOTA,PR,DEP.ROMAN@CAMARA.LEG.BR,DOUTORADO,1973-03-03,M,RS,ERVAL GRANDE
178861,RONALDO CARLETTO,PP,BA,DEP.RONALDOCARLETTO@CAMARA.LEG.BR,ENSINO MÉDIO,1960-01-05,M,ES,CONCEIÇÃO DA BARRA
204525,ROSANA VALLE,PSB,SP,DEP.ROSANAVALLE@CAMARA.LEG.BR,SUPERIOR,1969-05-08,F,SP,SANTOS
178945,ROSANGELA GOMES,REPUBLICANOS,RJ,DEP.ROSANGELAGOMES@CAMARA.LEG.BR,PÓS-GRADUAÇÃO,1966-12-27,F,RJ,RIO DE JANEIRO
204357,ROSE MODESTO,PSDB,MS,DEP.ROSEMODESTO@CAMARA.LEG.BR,SUPERIOR,1978-02-20,F,MS,FÁTIMA DO SUL
73466,RUBENS BUENO,CIDADANIA,PR,DEP.RUBENSBUENO@CAMARA.LEG.BR,SUPERIOR,1948-05-23,M,PR,SERTANÓPOLIS
74371,RUBENS OTONI,PT,GO,DEP.RUBENSOTONI@CAMARA.LEG.BR,SUPERIOR,1956-02-06,M,GO,GOIANÉSIA
73604,RUI FALCÃO,PT,SP,DEP.RUIFALCAO@CAMARA.LEG.BR,SUPERIOR,1943-11-26,M,MG,PITANGUI
160635,RUY CARNEIRO,PSDB,PB,DEP.RUYCARNEIRO@CAMARA.LEG.BR,SUPERIOR,1970-08-17,M,PB,JOÃO PESSOA
204535,SÂMIA BOMFIM,PSOL,SP,DEP.SAMIABOMFIM@CAMARA.LEG.BR,SUPERIOR,1989-08-22,F,SP,PRESIDENTE PRUDENTE
178990,SAMUEL MOREIRA,PSDB,SP,DEP.SAMUELMOREIRA@CAMARA.LEG.BR,SUPERIOR,1963-02-09,M,MG,GOVERNADOR VALADARES
204416,SANDERSON,PSL,RS,DEP.SANDERSON@CAMARA.LEG.BR,PÓS-GRADUAÇÃO,1969-12-01,M,RS,ERECHIM
90842,SANTINI,PTB,RS,DEP.SANTINI@CAMARA.LEG.BR,SUPERIOR,1973-10-02,M,RS,LAGOA VERMELHA
204387,SARGENTO FAHUR,PSD,PR,DEP.SARGENTOFAHUR@CAMARA.LEG.BR,ENSINO FUNDAMENTAL,1963-11-06,M,PR,LONDRINA
204399,SCHIAVINATO,PP,PR,DEP.SCHIAVINATO@CAMARA.LEG.BR,SUPERIOR,1954-09-12,M,PR,IGUARAÇU
178921,SEBASTIÃO OLIVEIRA,PL,PE,DEP.SEBASTIAOOLIVEIRA@CAMARA.LEG.BR,SUPERIOR,1968-08-31,M,PE,RECIFE
73808,SÉRGIO BRITO,PSD,BA,DEP.SERGIOBRITO@CAMARA.LEG.BR,SUPERIOR,1961-06-08,M,BA,VITÓRIA DA CONQUISTA
178933,SERGIO SOUZA,MDB,PR,DEP.SERGIOSOUZA@CAMARA.LEG.BR,PÓS-GRADUAÇÃO,1971-03-13,M,PR,IVAIPORÃ
204438,SERGIO TOLEDO,PL,AL,DEP.SERGIOTOLEDO@CAMARA.LEG.BR,SUPERIOR,1962-01-29,M,AL,MACEIÓ
178874,SERGIO VIDIGAL,PDT,ES,DEP.SERGIOVIDIGAL@CAMARA.LEG.BR,SUPERIOR,1957-05-08,M,ES,VITÓRIA
204437,SEVERINO PESSOA,REPUBLICANOS,AL,DEP.SEVERINOPESSOA@CAMARA.LEG.BR,ENSINO MÉDIO,1970-02-06,M,AL,ARAPIRACA
178961,SHÉRIDAN,PSDB,RR,DEP.SHERIDAN@CAMARA.LEG.BR,SUPERIOR,1984-04-11,F,RR,BOA VISTA
204557,SIDNEY LEITE,PSD,AM,DEP.SIDNEYLEITE@CAMARA.LEG.BR,SUPERIOR,1967-04-08,M,AM,MANAUS
74356,SILAS CÂMARA,REPUBLICANOS,AM,DEP.SILASCAMARA@CAMARA.LEG.BR,SUPERIOR,1962-12-15,M,AC,RIO BRANCO
204360,SILVIA CRISTINA,PDT,RO,DEP.SILVIACRISTINA@CAMARA.LEG.BR,SUPERIOR,1974-01-15,F,RO,JI-PARANÁ
204425,SILVIO COSTA FILHO,REPUBLICANOS,PE,DEP.SILVIOCOSTAFILHO@CAMARA.LEG.BR,SUPERIOR,1982-03-05,M,PE,RECIFE
178946,SORAYA SANTOS,PL,RJ,DEP.SORAYASANTOS@CAMARA.LEG.BR,SUPERIOR,1958-12-04,F,RJ,MACAÉ
178947,SÓSTENES CAVALCANTE,DEM,RJ,DEP.SOSTENESCAVALCANTE@CAMARA.LEG.BR,SUPERIOR,1975-01-16,M,AL,MACEIÓ
92776,STEFANO AGUIAR,PSD,MG,DEP.STEFANOAGUIAR@CAMARA.LEG.BR,SUPERIOR,1976-03-03,M,MG,BELO HORIZONTE
177282,SUBTENENTE GONZAGA,PDT,MG,DEP.SUBTENENTEGONZAGA@CAMARA.LEG.BR,SUPERIOR,1962-05-31,M,MG,MANHUAÇU
204534,TABATA AMARAL,PDT,SP,DEP.TABATAAMARAL@CAMARA.LEG.BR,SUPERIOR,1993-11-14,F,SP,SÃO PAULO
178922,TADEU ALENCAR,PSB,PE,DEP.TADEUALENCAR@CAMARA.LEG.BR,SUPERIOR,1963-04-08,M,CE,JUAZEIRO DO NORTE
204464,TALÍRIA PETRONE,PSOL,RJ,DEP.TALIRIAPETRONE@CAMARA.LEG.BR,MESTRADO INCOMPLETO,1985-04-09,F,RJ,NITERÓI
206231,TED CONTI,PSB,ES,DEP.TEDCONTI@CAMARA.LEG.BR,NONE,1964-12-28,M,ES,MUQUI
204466,TEREZA NELMA,PSDB,AL,DEP.TEREZANELMA@CAMARA.LEG.BR,PÓS-GRADUAÇÃO,1957-10-07,F,AL,MACEIÓ
143084,TIAGO DIMAS,SOLIDARIEDADE,TO,DEP.TIAGODIMAS@CAMARA.LEG.BR,SUPERIOR INCOMPLETO,1988-08-04,M,MG,UBERABA
204519,TIAGO MITRAUD,NOVO,MG,DEP.TIAGOMITRAUD@CAMARA.LEG.BR,PÓS-GRADUAÇÃO,1986-08-15,M,DF,BRASÍLIA
160976,TIRIRICA,PL,SP,DEP.TIRIRICA@CAMARA.LEG.BR,NONE,1965-05-01,M,CE,ITAPIPOCA
197438,TITO,AVANTE,BA,DEP.TITO@CAMARA.LEG.BR,MESTRADO,1976-11-17,M,BA,SANTA MARIA DA VITÓRIA
178934,TONINHO WANDSCHEER,PROS,PR,DEP.TONINHOWANDSCHEER@CAMARA.LEG.BR,SUPERIOR,1950-08-31,M,PR,FOZ DO IGUAÇU
157130,TÚLIO GADÊLHA,PDT,PE,DEP.TULIOGADELHA@CAMARA.LEG.BR,SUPERIOR,1987-11-12,M,PE,RECIFE
178863,ULDURICO JUNIOR,PROS,BA,DEP.ULDURICOJUNIOR@CAMARA.LEG.BR,SUPERIOR INCOMPLETO,1992-01-30,M,DF,BRASÍLIA
195866,VAIDON OLIVEIRA,PROS,CE,DEP.VAIDONOLIVEIRA@CAMARA.LEG.BR,ENSINO MÉDIO,1975-04-02,M,CE,ACARAÚ
204385,VALDEVAN NOVENTA,PSC,SE,DEP.VALDEVANNOVENTA@CAMARA.LEG.BR,ENSINO MÉDIO,1969-06-20,M,SE,ESTÂNCIA
160610,VALMIR ASSUNÇÃO,PT,BA,DEP.VALMIRASSUNCAO@CAMARA.LEG.BR,ENSINO FUNDAMENTAL,1964-12-17,M,BA,ITAMARAJU
74376,VANDER LOUBET,PT,MS,DEP.VANDERLOUBET@CAMARA.LEG.BR,SUPERIOR,1964-01-22,M,MS,PORTO MURTINHO
141553,VANDERLEI MACRIS,PSDB,SP,DEP.VANDERLEIMACRIS@CAMARA.LEG.BR,SUPERIOR,1950-05-20,M,SP,AMERICANA
204505,VAVÁ MARTINS,REPUBLICANOS,PA,DEP.VAVAMARTINS@CAMARA.LEG.BR,SUPERIOR,1982-06-03,M,RS,PELOTAS
204396,VERMELHO,PSD,PR,DEP.VERMELHO@CAMARA.LEG.BR,SUPERIOR,1959-03-01,M,PR,FRANCISCO BELTRÃO
74283,VICENTINHO,PT,SP,DEP.VICENTINHO@CAMARA.LEG.BR,PÓS-GRADUAÇÃO,1956-04-08,M,RN,SANTA CRUZ
137070,VICENTINHO JÚNIOR,PL,TO,DEP.VICENTINHOJUNIOR@CAMARA.LEG.BR,SUPERIOR INCOMPLETO,1985-04-11,M,GO,GOIÂNIA
204483,VILSON DA FETAEMG,PSB,MG,DEP.VILSONDAFETAEMG@CAMARA.LEG.BR,ENSINO MÉDIO,1957-05-01,M,MG,CLÁUDIO
141555,VINICIUS CARVALHO,REPUBLICANOS,SP,DEP.VINICIUSCARVALHO@CAMARA.LEG.BR,PÓS-GRADUAÇÃO,1966-01-07,M,RJ,RIO DE JANEIRO
204478,VINICIUS FARAH,MDB,RJ,DEP.VINICIUSFARAH@CAMARA.LEG.BR,SUPERIOR,1965-06-21,M,RJ,TRÊS RIOS
204532,VINICIUS POIT,NOVO,SP,DEP.VINICIUSPOIT@CAMARA.LEG.BR,SUPERIOR,1986-01-31,M,SP,SÃO BERNARDO DO CAMPO
179587,VITOR HUGO,PSL,GO,DEP.VITORHUGO@CAMARA.LEG.BR,MESTRADO,1977-05-31,M,BA,SALVADOR
178992,VITOR LIPPI,PSDB,SP,DEP.VITORLIPPI@CAMARA.LEG.BR,SUPERIOR,1959-05-18,M,SP,SÃO PAULO
160569,WALDENOR PEREIRA,PT,BA,DEP.WALDENORPEREIRA@CAMARA.LEG.BR,DOUTORADO INCOMPLETO,1954-03-08,M,BA,CACULÉ
178952,WALTER ALVES,MDB,RN,DEP.WALTERALVES@CAMARA.LEG.BR,MESTRADO INCOMPLETO,1980-02-27,M,RN,NATAL
160518,WELITON PRADO,PROS,MG,DEP.WELITONPRADO@CAMARA.LEG.BR,SUPERIOR,1975-08-24,M,MG,UBERLÂNDIA
74043,WELLINGTON ROBERTO,PL,PB,DEP.WELLINGTONROBERTO@CAMARA.LEG.BR,SUPERIOR INCOMPLETO,1959-05-19,M,PB,SÃO JOSÉ DE PIRANHAS
74044,WILSON SANTIAGO,PTB,PB,DEP.WILSONSANTIAGO@CAMARA.LEG.BR,SUPERIOR,1957-06-10,M,PB,UIRAÚNA
204463,WLADIMIR GAROTINHO,PSD,RJ,DEP.WLADIMIRGAROTINHO@CAMARA.LEG.BR,SUPERIOR,1985-01-13,M,RJ,RIO DE JANEIRO
74439,WOLNEY QUEIROZ,PDT,PE,DEP.WOLNEYQUEIROZ@CAMARA.LEG.BR,SUPERIOR INCOMPLETO,1972-12-12,M,PE,CARUARU
178889,ZÉ CARLOS,PT,MA,DEP.ZECARLOS@CAMARA.LEG.BR,SUPERIOR,1955-05-26,M,MA,SÃO LUÍS
204559,ZÉ NETO,PT,BA,DEP.ZENETO@CAMARA.LEG.BR,PÓS-GRADUAÇÃO,1964-03-30,M,BA,FEIRA DE SANTANA
160632,ZÉ SILVA,SOLIDARIEDADE,MG,DEP.ZESILVA@CAMARA.LEG.BR,PÓS-GRADUAÇÃO,1963-05-11,M,MG,ITURAMA
204517,ZÉ VITOR,PL,MG,DEP.ZEVITOR@CAMARA.LEG.BR,SUPERIOR,1984-11-01,M,MG,ARAGUARI
160592,ZECA DIRCEU,PT,PR,DEP.ZECADIRCEU@CAMARA.LEG.BR,SUPERIOR,1978-06-21,M,PR,UMUARAMA
